2025-11-29 16:45:24,815 - INFO - func:setup_logging - Logging configurato - Livello: INFO, Console: True, File: /home/riccardo/syncer/logs/sync.log
2025-11-29 16:45:24,816 - INFO - func:main - === AVVIO SINCRONIZZAZIONE PROGETTI ===
2025-11-29 16:45:27,166 - INFO - func:extract_custom_fields_from_schema - Estratti 7 custom fields dallo schema
2025-11-29 16:45:27,166 - INFO - func:load_custom_fields_to_cache - Cache aggiornata con 7 custom fields
2025-11-29 16:45:28,435 - INFO - func:run_full_sync - Extracting project entries from Gimi Database
2025-11-29 16:45:28,435 - INFO - func:load_query - Query SQL caricata da /home/riccardo/syncer/app/queries/mainQuery.sql
2025-11-29 16:45:32,027 - INFO - func:extract_Gimi_projects_entries - Estratti 1978 progetti dal database di Gimi
2025-11-29 16:45:32,029 - INFO - func:_extract_cache_data - Extracting data from Cache database...
2025-11-29 16:45:32,048 - INFO - func:_extract_cache_data - Extracted 0 projects from cache
2025-11-29 16:45:32,049 - INFO - func:_identify_sync_operation - Analizing the necessary sync operations
2025-11-29 16:45:32,062 - INFO - func:_identify_sync_operation - Cache correctly updated
2025-11-29 16:45:32,062 - INFO - func:_execute_sync_operations - Executing 77 operations....
2025-11-29 16:45:32,063 - INFO - func:_execute_create_operations - Creation of 77 projects...
2025-11-29 16:45:35,571 - INFO - func:create_project - Progetto creato con successo: R23/144 (ID: 565)
2025-11-29 16:45:40,843 - INFO - func:create_project - Progetto creato con successo: T25/100 (ID: 566)
2025-11-29 16:45:45,159 - INFO - func:create_project - Progetto creato con successo: T25/101 (ID: 567)
2025-11-29 16:45:49,569 - INFO - func:create_project - Progetto creato con successo: R25/236 (ID: 568)
2025-11-29 16:45:54,372 - INFO - func:create_project - Progetto creato con successo: R25/238 (ID: 569)
2025-11-29 16:46:00,155 - INFO - func:create_project - Progetto creato con successo: P19/115 (ID: 570)
2025-11-29 16:46:06,552 - INFO - func:create_project - Progetto creato con successo: N24/103 (ID: 571)
2025-11-29 16:46:12,249 - INFO - func:create_project - Progetto creato con successo: N24/105 (ID: 572)
2025-11-29 16:46:16,430 - INFO - func:create_project - Progetto creato con successo: R24/217 (ID: 573)
2025-11-29 16:46:20,741 - INFO - func:create_project - Progetto creato con successo: N25/100 (ID: 574)
2025-11-29 16:46:26,813 - INFO - func:create_project - Progetto creato con successo: N25/107 (ID: 575)
2025-11-29 16:46:31,311 - INFO - func:create_project - Progetto creato con successo: N25/107 (ID: 576)
2025-11-29 16:46:35,677 - INFO - func:create_project - Progetto creato con successo: N24/114 (ID: 577)
2025-11-29 16:46:40,592 - INFO - func:create_project - Progetto creato con successo: P23/111 (ID: 578)
2025-11-29 16:46:49,277 - INFO - func:create_project - Progetto creato con successo: P14/110 (ID: 579)
2025-11-29 16:46:54,765 - INFO - func:create_project - Progetto creato con successo: N24/117 (ID: 580)
2025-11-29 16:46:59,718 - INFO - func:create_project - Progetto creato con successo: N25/105 (ID: 581)
2025-11-29 16:47:05,081 - INFO - func:create_project - Progetto creato con successo: N25/102 (ID: 582)
2025-11-29 16:47:09,859 - INFO - func:create_project - Progetto creato con successo: N25/103 (ID: 583)
2025-11-29 16:47:15,012 - INFO - func:create_project - Progetto creato con successo: N25/104 (ID: 584)
2025-11-29 16:47:20,437 - INFO - func:create_project - Progetto creato con successo: N25/104 (ID: 585)
2025-11-29 16:47:25,097 - INFO - func:create_project - Progetto creato con successo: N25/104 (ID: 586)
2025-11-29 16:47:30,455 - INFO - func:create_project - Progetto creato con successo: R24/111 (ID: 587)
2025-11-29 16:47:35,299 - INFO - func:create_project - Progetto creato con successo: R25/232 (ID: 588)
2025-11-29 16:47:40,591 - INFO - func:create_project - Progetto creato con successo: R25/223 (ID: 589)
2025-11-29 16:47:46,611 - INFO - func:create_project - Progetto creato con successo: R25/224 (ID: 590)
2025-11-29 16:47:51,123 - INFO - func:create_project - Progetto creato con successo: R23/134 (ID: 591)
2025-11-29 16:47:55,675 - INFO - func:create_project - Progetto creato con successo: R24/205 (ID: 592)
2025-11-29 16:48:00,157 - INFO - func:create_project - Progetto creato con successo: P25/124 (ID: 593)
2025-11-29 16:48:05,163 - INFO - func:create_project - Progetto creato con successo: P24/124 (ID: 594)
2025-11-29 16:48:12,526 - INFO - func:create_project - Progetto creato con successo: N24/110 (ID: 595)
2025-11-29 16:48:16,893 - INFO - func:create_project - Progetto creato con successo: N24/110 (ID: 596)
2025-11-29 16:48:21,738 - INFO - func:create_project - Progetto creato con successo: N24/110 (ID: 597)
2025-11-29 16:48:26,210 - INFO - func:create_project - Progetto creato con successo: N24/109 (ID: 598)
2025-11-29 16:48:31,261 - INFO - func:create_project - Progetto creato con successo: R24/210 (ID: 599)
2025-11-29 16:48:35,778 - INFO - func:create_project - Progetto creato con successo: R25/206 (ID: 600)
2025-11-29 16:48:40,418 - INFO - func:create_project - Progetto creato con successo: R25/207 (ID: 601)
2025-11-29 16:48:45,076 - INFO - func:create_project - Progetto creato con successo: R25/204 (ID: 602)
2025-11-29 16:48:50,858 - INFO - func:create_project - Progetto creato con successo: R25/205 (ID: 603)
2025-11-29 16:48:55,218 - INFO - func:create_project - Progetto creato con successo: R24/136 (ID: 604)
2025-11-29 16:48:59,793 - INFO - func:create_project - Progetto creato con successo: R25/203 (ID: 605)
2025-11-29 16:49:04,287 - INFO - func:create_project - Progetto creato con successo: T24/102 (ID: 606)
2025-11-29 16:49:08,770 - INFO - func:create_project - Progetto creato con successo: T24/102 (ID: 607)
2025-11-29 16:49:12,924 - INFO - func:create_project - Progetto creato con successo: T24/102 (ID: 608)
2025-11-29 16:49:17,592 - INFO - func:create_project - Progetto creato con successo: N24/106 (ID: 609)
2025-11-29 16:49:22,153 - INFO - func:create_project - Progetto creato con successo: N24/115 (ID: 610)
2025-11-29 16:49:27,225 - INFO - func:create_project - Progetto creato con successo: P25/121 (ID: 611)
2025-11-29 16:49:31,528 - INFO - func:create_project - Progetto creato con successo: R25/231 (ID: 612)
2025-11-29 16:49:36,268 - INFO - func:create_project - Progetto creato con successo: R25/225 (ID: 613)
2025-11-29 16:49:41,436 - INFO - func:create_project - Progetto creato con successo: R25/235 (ID: 614)
2025-11-29 16:49:48,240 - INFO - func:create_project - Progetto creato con successo: P18/124 (ID: 615)
2025-11-29 16:49:59,181 - INFO - func:create_project - Progetto creato con successo: P25/118 (ID: 616)
2025-11-29 16:50:03,676 - INFO - func:create_project - Progetto creato con successo: R25/184 (ID: 617)
2025-11-29 16:50:07,741 - INFO - func:create_project - Progetto creato con successo: N25/111 (ID: 618)
2025-11-29 16:50:12,267 - INFO - func:create_project - Progetto creato con successo: R25/237 (ID: 619)
2025-11-29 16:50:17,482 - INFO - func:create_project - Progetto creato con successo: P23/102 (ID: 620)
2025-11-29 16:50:21,552 - INFO - func:create_project - Progetto creato con successo: R25/197 (ID: 621)
2025-11-29 16:50:26,290 - INFO - func:create_project - Progetto creato con successo: R25/196 (ID: 622)
2025-11-29 16:50:30,636 - INFO - func:create_project - Progetto creato con successo: N23/111 (ID: 623)
2025-11-29 16:50:34,789 - INFO - func:create_project - Progetto creato con successo: R25/228 (ID: 624)
2025-11-29 16:50:39,530 - INFO - func:create_project - Progetto creato con successo: N24/101 (ID: 625)
2025-11-29 16:50:43,754 - INFO - func:create_project - Progetto creato con successo: N24/120 (ID: 626)
2025-11-29 16:50:54,730 - INFO - func:create_project - Progetto creato con successo: N24/121 (ID: 627)
2025-11-29 16:50:59,418 - INFO - func:create_project - Progetto creato con successo: N24/118 (ID: 628)
2025-11-29 16:51:03,907 - INFO - func:create_project - Progetto creato con successo: N24/118 (ID: 629)
2025-11-29 16:51:11,388 - INFO - func:create_project - Progetto creato con successo: N24/118 (ID: 630)
2025-11-29 16:51:15,770 - INFO - func:create_project - Progetto creato con successo: N24/119 (ID: 631)
2025-11-29 16:51:20,780 - INFO - func:create_project - Progetto creato con successo: N24/119 (ID: 632)
2025-11-29 16:51:25,565 - INFO - func:create_project - Progetto creato con successo: N24/119 (ID: 633)
2025-11-29 16:51:30,414 - INFO - func:create_project - Progetto creato con successo: N24/119 (ID: 634)
2025-11-29 16:51:35,705 - INFO - func:create_project - Progetto creato con successo: N25/106 (ID: 635)
2025-11-29 16:51:40,291 - INFO - func:create_project - Progetto creato con successo: N25/108 (ID: 636)
2025-11-29 16:51:45,828 - INFO - func:create_project - Progetto creato con successo: N25/109 (ID: 637)
2025-11-29 16:51:50,454 - INFO - func:create_project - Progetto creato con successo: R25/189 (ID: 638)
2025-11-29 16:51:55,456 - INFO - func:create_project - Progetto creato con successo: N25/110 (ID: 639)
2025-11-29 16:52:00,592 - INFO - func:create_project - Progetto creato con successo: R25/226 (ID: 640)
2025-11-29 16:52:06,006 - INFO - func:create_project - Progetto creato con successo: R25/226 (ID: 641)
2025-11-29 16:52:10,777 - INFO - func:update_cache_db - ✓ Updated 77 project in cache db
2025-11-29 16:54:11,174 - INFO - func:setup_logging - Logging configurato - Livello: INFO, Console: True, File: /home/riccardo/syncer/logs/sync.log
2025-11-29 16:54:11,174 - INFO - func:main - === AVVIO SINCRONIZZAZIONE PROGETTI ===
2025-11-29 16:54:11,275 - INFO - func:extract_custom_fields_from_schema - Estratti 7 custom fields dallo schema
2025-11-29 16:54:11,275 - INFO - func:load_custom_fields_to_cache - Cache aggiornata con 7 custom fields
2025-11-29 16:54:11,755 - INFO - func:run_full_sync - Extracting project entries from Gimi Database
2025-11-29 16:54:11,756 - INFO - func:load_query - Query SQL caricata da /home/riccardo/syncer/app/queries/mainQuery.sql
2025-11-29 16:56:34,000 - INFO - func:extract_Gimi_projects_entries - Estratti 1978 progetti dal database di Gimi
2025-11-29 16:56:34,004 - INFO - func:_extract_cache_data - Extracting data from Cache database...
2025-11-29 16:56:34,022 - INFO - func:_extract_cache_data - Extracted 0 projects from cache
2025-11-29 16:56:34,023 - INFO - func:_identify_sync_operation - Analizing the necessary sync operations
2025-11-29 16:56:34,070 - INFO - func:_identify_sync_operation - Cache correctly updated
2025-11-29 16:56:34,070 - INFO - func:_execute_sync_operations - Executing 77 operations....
2025-11-29 16:56:34,071 - INFO - func:_execute_create_operations - Creation of 77 projects...
2025-11-29 16:59:26,300 - INFO - func:setup_logging - Logging configurato - Livello: INFO, Console: True, File: /home/riccardo/syncer/logs/sync.log
2025-11-29 16:59:26,301 - INFO - func:main - === AVVIO SINCRONIZZAZIONE PROGETTI ===
2025-11-29 16:59:26,410 - INFO - func:extract_custom_fields_from_schema - Estratti 7 custom fields dallo schema
2025-11-29 16:59:26,410 - INFO - func:load_custom_fields_to_cache - Cache aggiornata con 7 custom fields
2025-11-29 16:59:26,636 - INFO - func:run_full_sync - Extracting project entries from Gimi Database
2025-11-29 16:59:26,639 - INFO - func:load_query - Query SQL caricata da /home/riccardo/syncer/app/queries/mainQuery.sql
2025-11-29 16:59:28,319 - INFO - func:extract_Gimi_projects_entries - Estratti 1978 progetti dal database di Gimi
2025-11-29 16:59:28,322 - INFO - func:_extract_cache_data - Extracting data from Cache database...
2025-11-29 16:59:28,336 - INFO - func:_extract_cache_data - Extracted 0 projects from cache
2025-11-29 16:59:28,338 - INFO - func:_identify_sync_operation - Analizing the necessary sync operations
2025-11-29 16:59:28,406 - INFO - func:_identify_sync_operation - Cache correctly updated
2025-11-29 16:59:28,406 - INFO - func:_execute_sync_operations - Executing 77 operations....
2025-11-29 16:59:28,406 - INFO - func:_execute_create_operations - Creation of 77 projects...
2025-11-29 16:59:47,951 - INFO - func:setup_logging - Logging configurato - Livello: INFO, Console: True, File: /home/riccardo/syncer/logs/sync.log
2025-11-29 16:59:47,953 - INFO - func:main - === AVVIO SINCRONIZZAZIONE PROGETTI ===
2025-11-29 16:59:48,033 - INFO - func:extract_custom_fields_from_schema - Estratti 7 custom fields dallo schema
2025-11-29 16:59:48,033 - INFO - func:load_custom_fields_to_cache - Cache aggiornata con 7 custom fields
2025-11-29 16:59:48,259 - INFO - func:run_full_sync - Extracting project entries from Gimi Database
2025-11-29 16:59:48,260 - INFO - func:load_query - Query SQL caricata da /home/riccardo/syncer/app/queries/mainQuery.sql
2025-11-29 17:05:46,709 - INFO - func:setup_logging - Logging configurato - Livello: INFO, Console: True, File: /home/riccardo/syncer/logs/sync.log
2025-11-29 17:05:46,710 - INFO - func:main - === AVVIO SINCRONIZZAZIONE PROGETTI ===
2025-11-29 17:05:46,890 - INFO - func:extract_custom_fields_from_schema - Estratti 7 custom fields dallo schema
2025-11-29 17:05:46,890 - INFO - func:load_custom_fields_to_cache - Cache aggiornata con 7 custom fields
2025-11-29 17:05:47,077 - INFO - func:run_full_sync - Extracting project entries from Gimi Database
2025-11-29 17:05:47,078 - INFO - func:load_query - Query SQL caricata da /home/riccardo/syncer/app/queries/mainQuery.sql
2025-11-29 17:05:55,347 - INFO - func:extract_Gimi_projects_entries - Estratti 1978 progetti dal database di Gimi
2025-11-29 17:05:55,350 - INFO - func:_extract_cache_data - Extracting data from Cache database...
2025-11-29 17:05:55,377 - INFO - func:_extract_cache_data - Extracted 0 projects from cache
2025-11-29 17:05:55,377 - INFO - func:_identify_sync_operation - Analizing the necessary sync operations
2025-11-29 17:05:55,423 - INFO - func:_identify_sync_operation - Cache correctly updated
2025-11-29 17:05:55,423 - INFO - func:_execute_sync_operations - Executing 77 operations....
2025-11-29 17:05:55,423 - INFO - func:_execute_create_operations - Creation of 77 projects...
2025-11-29 17:06:31,755 - INFO - func:create_project - Progetto creato con successo: R23/144 (ID: 642)
2025-11-29 17:06:42,576 - INFO - func:create_project - Progetto creato con successo: T25/100 (ID: 643)
2025-11-29 17:06:47,282 - INFO - func:create_project - Progetto creato con successo: T25/101 (ID: 644)
2025-11-29 17:06:52,796 - INFO - func:create_project - Progetto creato con successo: R25/236 (ID: 645)
2025-11-29 17:07:01,342 - INFO - func:create_project - Progetto creato con successo: R25/238 (ID: 646)
2025-11-29 17:09:13,690 - INFO - func:create_project - Progetto creato con successo: P19/115 (ID: 647)
2025-11-29 17:10:25,329 - INFO - func:create_project - Progetto creato con successo: N24/103 (ID: 648)
2025-11-29 17:10:55,444 - INFO - func:create_project - Progetto creato con successo: N24/105 (ID: 649)
2025-11-29 17:11:45,799 - INFO - func:create_project - Progetto creato con successo: R24/217 (ID: 650)
2025-11-29 17:11:55,770 - INFO - func:create_project - Progetto creato con successo: N25/100 (ID: 651)
2025-11-29 17:12:05,227 - INFO - func:create_project - Progetto creato con successo: N25/107 (ID: 652)
2025-11-29 17:12:21,942 - INFO - func:create_project - Progetto creato con successo: N25/107 (ID: 653)
2025-11-29 17:12:33,813 - INFO - func:create_project - Progetto creato con successo: N24/114 (ID: 654)
2025-11-29 17:12:44,077 - INFO - func:create_project - Progetto creato con successo: P23/111 (ID: 655)
2025-11-29 17:13:47,727 - INFO - func:create_project - Progetto creato con successo: P14/110 (ID: 656)
2025-11-29 17:28:12,706 - INFO - func:setup_logging - Logging configurato - Livello: INFO, Console: True, File: /home/riccardo/syncer/logs/sync.log
2025-11-29 17:28:12,706 - INFO - func:main - === AVVIO SINCRONIZZAZIONE PROGETTI ===
2025-11-29 17:28:13,019 - INFO - func:extract_custom_fields_from_schema - Estratti 7 custom fields dallo schema
2025-11-29 17:28:13,020 - INFO - func:load_custom_fields_to_cache - Cache aggiornata con 7 custom fields
2025-11-29 17:28:13,205 - INFO - func:run_full_sync - Extracting project entries from Gimi Database
2025-11-29 17:28:13,206 - INFO - func:load_query - Query SQL caricata da /home/riccardo/syncer/app/queries/mainQuery.sql
2025-11-29 17:28:14,975 - INFO - func:extract_Gimi_projects_entries - Estratti 1978 progetti dal database di Gimi
2025-11-29 17:28:14,977 - INFO - func:_extract_cache_data - Extracting data from Cache database...
2025-11-29 17:28:14,992 - INFO - func:_extract_cache_data - Extracted 0 projects from cache
2025-11-29 17:28:14,992 - INFO - func:_identify_sync_operation - Analizing the necessary sync operations
2025-11-29 17:28:15,060 - INFO - func:_identify_sync_operation - Cache correctly updated
2025-11-29 17:28:15,060 - INFO - func:_execute_sync_operations - Executing 77 operations....
2025-11-29 17:28:15,061 - INFO - func:_execute_create_operations - Creation of 77 projects...
2025-11-29 17:28:15,921 - INFO - func:create_project - Progetto creato con successo: R23/144 (ID: 657)
2025-11-29 17:28:20,970 - INFO - func:create_project - Progetto creato con successo: T25/100 (ID: 658)
2025-11-29 17:28:24,865 - INFO - func:create_project - Progetto creato con successo: T25/101 (ID: 659)
2025-11-29 17:28:29,195 - INFO - func:create_project - Progetto creato con successo: R25/236 (ID: 660)
2025-11-29 17:28:33,480 - INFO - func:create_project - Progetto creato con successo: R25/238 (ID: 661)
2025-11-29 17:28:50,528 - INFO - func:create_project - Progetto creato con successo: P19/115 (ID: 662)
2025-11-29 17:29:01,424 - INFO - func:create_project - Progetto creato con successo: N24/103 (ID: 663)
2025-11-29 17:29:14,032 - INFO - func:create_project - Progetto creato con successo: N24/105 (ID: 664)
2025-11-29 17:29:21,013 - INFO - func:create_project - Progetto creato con successo: R24/217 (ID: 665)
2025-11-29 17:29:27,755 - INFO - func:create_project - Progetto creato con successo: N25/100 (ID: 666)
2025-11-29 17:34:15,018 - INFO - func:create_project - Progetto creato con successo: N25/107 (ID: 667)
2025-11-29 17:34:20,958 - INFO - func:create_project - Progetto creato con successo: N25/107 (ID: 668)
2025-11-29 17:34:40,216 - INFO - func:create_project - Progetto creato con successo: N24/114 (ID: 669)
2025-11-29 17:34:49,140 - INFO - func:create_project - Progetto creato con successo: P23/111 (ID: 670)
2025-11-29 17:35:01,188 - INFO - func:create_project - Progetto creato con successo: P14/110 (ID: 671)
2025-11-29 17:36:56,126 - INFO - func:create_project - Progetto creato con successo: N24/117 (ID: 672)
2025-11-29 17:37:00,181 - INFO - func:create_project - Progetto creato con successo: N25/105 (ID: 673)
2025-11-29 17:37:05,090 - INFO - func:create_project - Progetto creato con successo: N25/102 (ID: 674)
2025-11-29 17:37:09,089 - INFO - func:create_project - Progetto creato con successo: N25/103 (ID: 675)
2025-11-29 17:37:13,576 - INFO - func:create_project - Progetto creato con successo: N25/104 (ID: 676)
2025-11-29 17:37:17,897 - INFO - func:create_project - Progetto creato con successo: N25/104 (ID: 677)
2025-11-29 17:37:21,917 - INFO - func:create_project - Progetto creato con successo: N25/104 (ID: 678)
2025-11-29 17:37:26,654 - INFO - func:create_project - Progetto creato con successo: R24/111 (ID: 679)
2025-11-29 17:37:30,661 - INFO - func:create_project - Progetto creato con successo: R25/232 (ID: 680)
2025-11-29 17:37:35,464 - INFO - func:create_project - Progetto creato con successo: R25/223 (ID: 681)
2025-11-29 17:37:39,399 - INFO - func:create_project - Progetto creato con successo: R25/224 (ID: 682)
2025-11-29 17:37:44,441 - INFO - func:create_project - Progetto creato con successo: R23/134 (ID: 683)
2025-11-29 17:37:48,956 - INFO - func:create_project - Progetto creato con successo: R24/205 (ID: 684)
2025-11-29 17:37:52,886 - INFO - func:create_project - Progetto creato con successo: P25/124 (ID: 685)
2025-11-29 17:37:57,254 - INFO - func:create_project - Progetto creato con successo: P24/124 (ID: 686)
2025-11-29 17:38:01,329 - INFO - func:create_project - Progetto creato con successo: N24/110 (ID: 687)
2025-11-29 17:38:06,076 - INFO - func:create_project - Progetto creato con successo: N24/110 (ID: 688)
2025-11-29 17:38:10,104 - INFO - func:create_project - Progetto creato con successo: N24/110 (ID: 689)
2025-11-29 17:38:14,671 - INFO - func:create_project - Progetto creato con successo: N24/109 (ID: 690)
2025-11-29 17:38:19,074 - INFO - func:create_project - Progetto creato con successo: R24/210 (ID: 691)
2025-11-29 17:38:23,578 - INFO - func:create_project - Progetto creato con successo: R25/206 (ID: 692)
2025-11-29 17:38:27,620 - INFO - func:create_project - Progetto creato con successo: R25/207 (ID: 693)
2025-11-29 17:38:32,458 - INFO - func:create_project - Progetto creato con successo: R25/204 (ID: 694)
2025-11-29 17:38:36,481 - INFO - func:create_project - Progetto creato con successo: R25/205 (ID: 695)
2025-11-29 17:38:40,891 - INFO - func:create_project - Progetto creato con successo: R24/136 (ID: 696)
2025-11-29 17:38:45,355 - INFO - func:create_project - Progetto creato con successo: R25/203 (ID: 697)
2025-11-29 17:38:49,621 - INFO - func:create_project - Progetto creato con successo: T24/102 (ID: 698)
2025-11-29 17:38:53,629 - INFO - func:create_project - Progetto creato con successo: T24/102 (ID: 699)
2025-11-29 17:38:58,114 - INFO - func:create_project - Progetto creato con successo: T24/102 (ID: 700)
2025-11-29 17:39:02,449 - INFO - func:create_project - Progetto creato con successo: N24/106 (ID: 701)
2025-11-29 17:39:06,834 - INFO - func:create_project - Progetto creato con successo: N24/115 (ID: 702)
2025-11-29 17:39:11,004 - INFO - func:create_project - Progetto creato con successo: P25/121 (ID: 703)
2025-11-29 17:39:15,365 - INFO - func:create_project - Progetto creato con successo: R25/231 (ID: 704)
2025-11-29 17:39:20,170 - INFO - func:create_project - Progetto creato con successo: R25/225 (ID: 705)
2025-11-29 17:39:24,175 - INFO - func:create_project - Progetto creato con successo: R25/235 (ID: 706)
2025-11-29 17:39:28,592 - INFO - func:create_project - Progetto creato con successo: P18/124 (ID: 707)
2025-11-29 17:39:32,931 - INFO - func:create_project - Progetto creato con successo: P25/118 (ID: 708)
2025-11-29 17:39:36,914 - INFO - func:create_project - Progetto creato con successo: R25/184 (ID: 709)
2025-11-29 17:39:41,355 - INFO - func:create_project - Progetto creato con successo: N25/111 (ID: 710)
2025-11-29 17:39:46,098 - INFO - func:create_project - Progetto creato con successo: R25/237 (ID: 711)
2025-11-29 17:39:50,028 - INFO - func:create_project - Progetto creato con successo: P23/102 (ID: 712)
2025-11-29 17:39:54,438 - INFO - func:create_project - Progetto creato con successo: R25/197 (ID: 713)
2025-11-29 17:39:58,818 - INFO - func:create_project - Progetto creato con successo: R25/196 (ID: 714)
2025-11-29 17:40:03,171 - INFO - func:create_project - Progetto creato con successo: N23/111 (ID: 715)
2025-11-29 17:40:07,231 - INFO - func:create_project - Progetto creato con successo: R25/228 (ID: 716)
2025-11-29 17:40:11,596 - INFO - func:create_project - Progetto creato con successo: N24/101 (ID: 717)
2025-11-29 17:40:15,703 - INFO - func:create_project - Progetto creato con successo: N24/120 (ID: 718)
2025-11-29 17:40:20,398 - INFO - func:create_project - Progetto creato con successo: N24/121 (ID: 719)
2025-11-29 17:40:24,405 - INFO - func:create_project - Progetto creato con successo: N24/118 (ID: 720)
2025-11-29 17:40:28,834 - INFO - func:create_project - Progetto creato con successo: N24/118 (ID: 721)
2025-11-29 17:40:33,207 - INFO - func:create_project - Progetto creato con successo: N24/118 (ID: 722)
2025-11-29 17:40:37,232 - INFO - func:create_project - Progetto creato con successo: N24/119 (ID: 723)
2025-11-29 17:40:41,601 - INFO - func:create_project - Progetto creato con successo: N24/119 (ID: 724)
2025-11-29 17:40:46,004 - INFO - func:create_project - Progetto creato con successo: N24/119 (ID: 725)
2025-11-29 17:40:50,419 - INFO - func:create_project - Progetto creato con successo: N24/119 (ID: 726)
2025-11-29 17:40:54,770 - INFO - func:create_project - Progetto creato con successo: N25/106 (ID: 727)
2025-11-29 17:40:59,058 - INFO - func:create_project - Progetto creato con successo: N25/108 (ID: 728)
2025-11-29 17:41:03,835 - INFO - func:create_project - Progetto creato con successo: N25/109 (ID: 729)
2025-11-29 17:41:08,485 - INFO - func:create_project - Progetto creato con successo: R25/189 (ID: 730)
2025-11-29 17:41:15,409 - INFO - func:create_project - Progetto creato con successo: N25/110 (ID: 731)
2025-11-29 17:41:19,821 - INFO - func:create_project - Progetto creato con successo: R25/226 (ID: 732)
2025-11-29 17:41:27,543 - INFO - func:create_project - Progetto creato con successo: R25/226 (ID: 733)
2025-11-29 17:41:32,521 - INFO - func:update_cache_db - ✓ Updated 77 project in cache db
2025-12-03 21:09:50,524 - INFO - func:setup_logging - Logging configurato - Livello: INFO, Console: True, File: /home/riccardo/syncer/logs/sync.log
2025-12-03 21:09:50,527 - INFO - func:main - === AVVIO SINCRONIZZAZIONE PROGETTI ===
2025-12-03 21:09:50,882 - INFO - func:extract_custom_fields_from_schema - Estratti 7 custom fields dallo schema
2025-12-03 21:09:50,882 - INFO - func:load_custom_fields_to_cache - Cache aggiornata con 7 custom fields
2025-12-03 21:09:51,382 - ERROR - func:main - Fatal error: GestionaleService.extract_Gimi_manutentori_entries() missing 1 required positional argument: 'self'
Traceback (most recent call last):
  File "/home/riccardo/syncer/main.py", line 28, in main
    syncer.run_full_sync_user()
  File "/home/riccardo/syncer/app/servicies/sync.py", line 68, in run_full_sync_user
    gimi_manutentori = GestionaleService.extract_Gimi_manutentori_entries()
TypeError: GestionaleService.extract_Gimi_manutentori_entries() missing 1 required positional argument: 'self'
2025-12-03 21:10:06,437 - INFO - func:setup_logging - Logging configurato - Livello: INFO, Console: True, File: /home/riccardo/syncer/logs/sync.log
2025-12-03 21:10:06,438 - INFO - func:main - === AVVIO SINCRONIZZAZIONE PROGETTI ===
2025-12-03 21:10:06,566 - INFO - func:extract_custom_fields_from_schema - Estratti 7 custom fields dallo schema
2025-12-03 21:10:06,567 - INFO - func:load_custom_fields_to_cache - Cache aggiornata con 7 custom fields
2025-12-03 21:10:22,344 - ERROR - func:main - Fatal error: GestionaleService.extract_Gimi_manutentori_entries() missing 1 required positional argument: 'self'
Traceback (most recent call last):
  File "/home/riccardo/syncer/main.py", line 28, in main
    syncer.run_full_sync_user()
  File "/home/riccardo/syncer/app/servicies/sync.py", line 68, in run_full_sync_user
    gimi_manutentori = GestionaleService.extract_Gimi_manutentori_entries()
TypeError: GestionaleService.extract_Gimi_manutentori_entries() missing 1 required positional argument: 'self'
2025-12-03 21:10:53,937 - INFO - func:setup_logging - Logging configurato - Livello: INFO, Console: True, File: /home/riccardo/syncer/logs/sync.log
2025-12-03 21:10:53,939 - INFO - func:main - === AVVIO SINCRONIZZAZIONE PROGETTI ===
2025-12-03 21:10:54,055 - INFO - func:extract_custom_fields_from_schema - Estratti 7 custom fields dallo schema
2025-12-03 21:10:54,056 - INFO - func:load_custom_fields_to_cache - Cache aggiornata con 7 custom fields
2025-12-03 21:11:06,935 - ERROR - func:load_query - Errore nel caricamento della query: [Errno 2] No such file or directory: '/home/riccardo/syncer/app/queries/manutentori.sql'
2025-12-03 21:12:33,123 - INFO - func:setup_logging - Logging configurato - Livello: INFO, Console: True, File: /home/riccardo/syncer/logs/sync.log
2025-12-03 21:12:33,124 - INFO - func:main - === AVVIO SINCRONIZZAZIONE PROGETTI ===
2025-12-03 21:12:33,209 - INFO - func:extract_custom_fields_from_schema - Estratti 7 custom fields dallo schema
2025-12-03 21:12:33,211 - INFO - func:load_custom_fields_to_cache - Cache aggiornata con 7 custom fields
2025-12-03 21:12:39,791 - INFO - func:load_query - Query SQL caricata da /home/riccardo/syncer/app/queries/extractUsers.sql
2025-12-03 21:13:16,377 - INFO - func:extract_Gimi_manutentori_entries - Extracted 53 maintainersv from Gimi database
2025-12-03 21:32:39,505 - INFO - func:setup_logging - Logging configurato - Livello: INFO, Console: True, File: /home/riccardo/syncer/logs/sync.log
2025-12-03 21:32:39,506 - INFO - func:main - === AVVIO SINCRONIZZAZIONE PROGETTI ===
2025-12-03 21:32:39,869 - INFO - func:extract_custom_fields_from_schema - Estratti 7 custom fields dallo schema
2025-12-03 21:32:39,870 - INFO - func:load_custom_fields_to_cache - Cache aggiornata con 7 custom fields
2025-12-03 21:32:44,631 - INFO - func:load_query - Query SQL caricata da /home/riccardo/syncer/app/queries/extractUsers.sql
2025-12-03 21:32:50,197 - INFO - func:extract_Gimi_manutentori_entries - Extracted 53 maintainers from Gimi database
2025-12-03 21:32:59,210 - INFO - func:_extract_cache_data - Extracting data from Cache database...
2025-12-03 21:33:09,408 - INFO - func:_extract_cache_data - Extracted 0 users from cache
2025-12-03 21:33:12,058 - INFO - func:_extract_cache_data - Extracted 77 projects from cache
2025-12-03 22:27:41,366 - INFO - func:setup_logging - Logging configurato - Livello: INFO, Console: True, File: /home/riccardo/syncer/logs/sync.log
2025-12-03 22:27:41,367 - INFO - func:main - === AVVIO SINCRONIZZAZIONE PROGETTI ===
2025-12-03 22:28:01,450 - INFO - func:extract_custom_fields_from_schema - Estratti 7 custom fields dallo schema
2025-12-03 22:28:11,191 - INFO - func:extract_custom_fields_from_schema - Estratti 1 custom fields dallo schema
2025-12-03 22:28:15,289 - INFO - func:load_custom_fields_to_cache - Custom fields aggiornati con 7 per progetto e 1 per utenti
2025-12-03 22:28:23,629 - ERROR - func:main - Fatal error: 'SyncService' object has no attribute 'run_full_sync_user'
Traceback (most recent call last):
  File "/home/riccardo/syncer/main.py", line 28, in main
    syncer.run_full_sync_user()
AttributeError: 'SyncService' object has no attribute 'run_full_sync_user'
2025-12-03 22:28:35,772 - INFO - func:setup_logging - Logging configurato - Livello: INFO, Console: True, File: /home/riccardo/syncer/logs/sync.log
2025-12-03 22:28:35,773 - INFO - func:main - === AVVIO SINCRONIZZAZIONE PROGETTI ===
2025-12-03 22:28:38,286 - INFO - func:extract_custom_fields_from_schema - Estratti 7 custom fields dallo schema
2025-12-03 22:28:38,435 - INFO - func:extract_custom_fields_from_schema - Estratti 1 custom fields dallo schema
2025-12-03 22:28:38,436 - INFO - func:load_custom_fields_to_cache - Custom fields aggiornati con 7 per progetto e 1 per utenti
2025-12-03 22:28:38,920 - INFO - func:run_full_sync - Extracting project entries from Gimi Database
2025-12-03 22:28:38,921 - INFO - func:load_query - Query SQL caricata da /home/riccardo/syncer/app/queries/mainQuery.sql
2025-12-03 22:28:41,743 - INFO - func:extract_Gimi_projects_entries - Estratti 1978 progetti dal database di Gimi
2025-12-03 22:28:41,746 - INFO - func:load_query - Query SQL caricata da /home/riccardo/syncer/app/queries/extractUsers.sql
2025-12-03 22:28:41,853 - INFO - func:extract_Gimi_manutentori_entries - Extracted 53 maintainers from Gimi database
2025-12-03 22:28:41,857 - INFO - func:_extract_cache_data - Extracting data from Cache database...
2025-12-03 22:28:41,873 - INFO - func:_extract_cache_data - Extracted 0 users from cache
2025-12-03 22:28:41,897 - INFO - func:_extract_cache_data - Extracted 77 projects from cache
2025-12-03 22:32:48,201 - INFO - func:setup_logging - Logging configurato - Livello: INFO, Console: True, File: /home/riccardo/syncer/logs/sync.log
2025-12-03 22:32:48,201 - INFO - func:main - === AVVIO SINCRONIZZAZIONE PROGETTI ===
2025-12-03 22:32:48,300 - INFO - func:extract_custom_fields_from_schema - Estratti 7 custom fields dallo schema
2025-12-03 22:32:48,355 - INFO - func:extract_custom_fields_from_schema - Estratti 1 custom fields dallo schema
2025-12-03 22:32:48,355 - INFO - func:load_custom_fields_to_cache - Custom fields aggiornati con 7 per progetto e 1 per utenti
2025-12-03 22:32:48,751 - INFO - func:run_full_sync - Extracting project entries from Gimi Database
2025-12-03 22:32:48,752 - INFO - func:load_query - Query SQL caricata da /home/riccardo/syncer/app/queries/mainQuery.sql
2025-12-03 22:32:50,820 - INFO - func:extract_Gimi_projects_entries - Estratti 1978 progetti dal database di Gimi
2025-12-03 22:32:50,823 - INFO - func:load_query - Query SQL caricata da /home/riccardo/syncer/app/queries/extractUsers.sql
2025-12-03 22:32:50,945 - INFO - func:extract_Gimi_manutentori_entries - Extracted 53 maintainers from Gimi database
2025-12-03 22:32:50,947 - INFO - func:_extract_cache_data - Extracting data from Cache database...
2025-12-03 22:32:50,966 - INFO - func:_extract_cache_data - Extracted 0 users from cache
2025-12-03 22:32:50,989 - INFO - func:_extract_cache_data - Extracted 77 projects from cache
2025-12-03 22:33:37,042 - ERROR - func:_identify_sync_operation_users - Error while handling user 24: 'GestionaleUser' object has no attribute 'gestionale_id'
2025-12-03 22:33:49,405 - INFO - func:setup_logging - Logging configurato - Livello: INFO, Console: True, File: /home/riccardo/syncer/logs/sync.log
2025-12-03 22:33:49,406 - INFO - func:main - === AVVIO SINCRONIZZAZIONE PROGETTI ===
2025-12-03 22:33:49,502 - INFO - func:extract_custom_fields_from_schema - Estratti 7 custom fields dallo schema
2025-12-03 22:33:49,551 - INFO - func:extract_custom_fields_from_schema - Estratti 1 custom fields dallo schema
2025-12-03 22:33:49,551 - INFO - func:load_custom_fields_to_cache - Custom fields aggiornati con 7 per progetto e 1 per utenti
2025-12-03 22:33:49,982 - INFO - func:run_full_sync - Extracting project entries from Gimi Database
2025-12-03 22:33:49,983 - INFO - func:load_query - Query SQL caricata da /home/riccardo/syncer/app/queries/mainQuery.sql
2025-12-03 22:33:52,171 - INFO - func:extract_Gimi_projects_entries - Estratti 1978 progetti dal database di Gimi
2025-12-03 22:33:52,174 - INFO - func:load_query - Query SQL caricata da /home/riccardo/syncer/app/queries/extractUsers.sql
2025-12-03 22:33:52,511 - INFO - func:extract_Gimi_manutentori_entries - Extracted 53 maintainers from Gimi database
2025-12-03 22:33:52,513 - INFO - func:_extract_cache_data - Extracting data from Cache database...
2025-12-03 22:33:52,528 - INFO - func:_extract_cache_data - Extracted 0 users from cache
2025-12-03 22:33:52,548 - INFO - func:_extract_cache_data - Extracted 77 projects from cache
2025-12-03 22:33:53,343 - ERROR - func:_identify_sync_operation_users - Error while handling user 24: 'GestionaleUser' object has no attribute 'gestionale_id'
2025-12-03 22:33:53,344 - ERROR - func:_identify_sync_operation_users - Error while handling user 27: 'GestionaleUser' object has no attribute 'gestionale_id'
2025-12-03 22:33:53,345 - ERROR - func:_identify_sync_operation_users - Error while handling user 29: 'GestionaleUser' object has no attribute 'gestionale_id'
2025-12-03 22:33:53,345 - ERROR - func:_identify_sync_operation_users - Error while handling user 35: 'GestionaleUser' object has no attribute 'gestionale_id'
2025-12-03 22:33:53,346 - ERROR - func:_identify_sync_operation_users - Error while handling user 38: 'GestionaleUser' object has no attribute 'gestionale_id'
2025-12-03 22:33:53,347 - ERROR - func:_identify_sync_operation_users - Error while handling user 39: 'GestionaleUser' object has no attribute 'gestionale_id'
2025-12-03 22:33:53,347 - ERROR - func:_identify_sync_operation_users - Error while handling user 41: 'GestionaleUser' object has no attribute 'gestionale_id'
2025-12-03 22:33:53,347 - ERROR - func:_identify_sync_operation_users - Error while handling user 44: 'GestionaleUser' object has no attribute 'gestionale_id'
2025-12-03 22:33:53,347 - ERROR - func:_identify_sync_operation_users - Error while handling user 49: 'GestionaleUser' object has no attribute 'gestionale_id'
2025-12-03 22:33:53,348 - ERROR - func:_identify_sync_operation_users - Error while handling user 50: 'GestionaleUser' object has no attribute 'gestionale_id'
2025-12-03 22:33:53,348 - ERROR - func:_identify_sync_operation_users - Error while handling user 51: 'GestionaleUser' object has no attribute 'gestionale_id'
2025-12-03 22:33:53,348 - ERROR - func:_identify_sync_operation_users - Error while handling user 52: 'GestionaleUser' object has no attribute 'gestionale_id'
2025-12-03 22:33:53,348 - ERROR - func:_identify_sync_operation_users - Error while handling user 53: 'GestionaleUser' object has no attribute 'gestionale_id'
2025-12-03 22:33:53,349 - ERROR - func:_identify_sync_operation_users - Error while handling user 71: 'GestionaleUser' object has no attribute 'gestionale_id'
2025-12-03 22:33:53,350 - ERROR - func:_identify_sync_operation_users - Error while handling user 75: 'GestionaleUser' object has no attribute 'gestionale_id'
2025-12-03 22:33:53,350 - ERROR - func:_identify_sync_operation_users - Error while handling user 76: 'GestionaleUser' object has no attribute 'gestionale_id'
2025-12-03 22:33:53,350 - ERROR - func:_identify_sync_operation_users - Error while handling user 86: 'GestionaleUser' object has no attribute 'gestionale_id'
2025-12-03 22:33:53,351 - ERROR - func:_identify_sync_operation_users - Error while handling user 89: 'GestionaleUser' object has no attribute 'gestionale_id'
2025-12-03 22:33:53,351 - ERROR - func:_identify_sync_operation_users - Error while handling user 92: 'GestionaleUser' object has no attribute 'gestionale_id'
2025-12-03 22:33:53,351 - ERROR - func:_identify_sync_operation_users - Error while handling user 94: 'GestionaleUser' object has no attribute 'gestionale_id'
2025-12-03 22:33:53,352 - ERROR - func:_identify_sync_operation_users - Error while handling user 96: 'GestionaleUser' object has no attribute 'gestionale_id'
2025-12-03 22:33:53,352 - ERROR - func:_identify_sync_operation_users - Error while handling user 100: 'GestionaleUser' object has no attribute 'gestionale_id'
2025-12-03 22:33:53,352 - ERROR - func:_identify_sync_operation_users - Error while handling user 103: 'GestionaleUser' object has no attribute 'gestionale_id'
2025-12-03 22:33:53,352 - ERROR - func:_identify_sync_operation_users - Error while handling user 104: 'GestionaleUser' object has no attribute 'gestionale_id'
2025-12-03 22:33:53,352 - ERROR - func:_identify_sync_operation_users - Error while handling user 105: 'GestionaleUser' object has no attribute 'gestionale_id'
2025-12-03 22:33:53,352 - ERROR - func:_identify_sync_operation_users - Error while handling user 106: 'GestionaleUser' object has no attribute 'gestionale_id'
2025-12-03 22:33:53,353 - ERROR - func:_identify_sync_operation_users - Error while handling user 109: 'GestionaleUser' object has no attribute 'gestionale_id'
2025-12-03 22:33:53,353 - ERROR - func:_identify_sync_operation_users - Error while handling user 110: 'GestionaleUser' object has no attribute 'gestionale_id'
2025-12-03 22:33:53,353 - ERROR - func:_identify_sync_operation_users - Error while handling user 111: 'GestionaleUser' object has no attribute 'gestionale_id'
2025-12-03 22:33:53,353 - ERROR - func:_identify_sync_operation_users - Error while handling user 112: 'GestionaleUser' object has no attribute 'gestionale_id'
2025-12-03 22:33:53,354 - ERROR - func:_identify_sync_operation_users - Error while handling user 115: 'GestionaleUser' object has no attribute 'gestionale_id'
2025-12-03 22:33:53,354 - ERROR - func:_identify_sync_operation_users - Error while handling user 117: 'GestionaleUser' object has no attribute 'gestionale_id'
2025-12-03 22:33:53,354 - ERROR - func:_identify_sync_operation_users - Error while handling user 118: 'GestionaleUser' object has no attribute 'gestionale_id'
2025-12-03 22:33:53,354 - ERROR - func:_identify_sync_operation_users - Error while handling user 119: 'GestionaleUser' object has no attribute 'gestionale_id'
2025-12-03 22:33:53,354 - ERROR - func:_identify_sync_operation_users - Error while handling user 121: 'GestionaleUser' object has no attribute 'gestionale_id'
2025-12-03 22:33:53,354 - ERROR - func:_identify_sync_operation_users - Error while handling user 122: 'GestionaleUser' object has no attribute 'gestionale_id'
2025-12-03 22:33:53,354 - ERROR - func:_identify_sync_operation_users - Error while handling user 124: 'GestionaleUser' object has no attribute 'gestionale_id'
2025-12-03 22:33:53,354 - ERROR - func:_identify_sync_operation_users - Error while handling user 125: 'GestionaleUser' object has no attribute 'gestionale_id'
2025-12-03 22:33:53,355 - ERROR - func:_identify_sync_operation_users - Error while handling user 127: 'GestionaleUser' object has no attribute 'gestionale_id'
2025-12-03 22:33:53,355 - ERROR - func:_identify_sync_operation_users - Error while handling user 128: 'GestionaleUser' object has no attribute 'gestionale_id'
2025-12-03 22:33:53,356 - ERROR - func:_identify_sync_operation_users - Error while handling user 130: 'GestionaleUser' object has no attribute 'gestionale_id'
2025-12-03 22:33:53,356 - ERROR - func:_identify_sync_operation_users - Error while handling user 131: 'GestionaleUser' object has no attribute 'gestionale_id'
2025-12-03 22:33:53,356 - ERROR - func:_identify_sync_operation_users - Error while handling user 132: 'GestionaleUser' object has no attribute 'gestionale_id'
2025-12-03 22:33:53,357 - ERROR - func:_identify_sync_operation_users - Error while handling user 133: 'GestionaleUser' object has no attribute 'gestionale_id'
2025-12-03 22:33:53,357 - ERROR - func:_identify_sync_operation_users - Error while handling user 134: 'GestionaleUser' object has no attribute 'gestionale_id'
2025-12-03 22:33:53,357 - ERROR - func:_identify_sync_operation_users - Error while handling user 135: 'GestionaleUser' object has no attribute 'gestionale_id'
2025-12-03 22:33:53,357 - ERROR - func:_identify_sync_operation_users - Error while handling user 136: 'GestionaleUser' object has no attribute 'gestionale_id'
2025-12-03 22:33:53,357 - ERROR - func:_identify_sync_operation_users - Error while handling user 137: 'GestionaleUser' object has no attribute 'gestionale_id'
2025-12-03 22:33:53,357 - ERROR - func:_identify_sync_operation_users - Error while handling user 138: 'GestionaleUser' object has no attribute 'gestionale_id'
2025-12-03 22:33:53,358 - ERROR - func:_identify_sync_operation_users - Error while handling user 139: 'GestionaleUser' object has no attribute 'gestionale_id'
2025-12-03 22:33:53,358 - ERROR - func:_identify_sync_operation_users - Error while handling user 140: 'GestionaleUser' object has no attribute 'gestionale_id'
2025-12-03 22:33:53,359 - ERROR - func:_identify_sync_operation_users - Error while handling user 141: 'GestionaleUser' object has no attribute 'gestionale_id'
2025-12-03 22:33:53,359 - INFO - func:_identify_sync_operation_users - Cache correctly updated
2025-12-03 22:34:17,595 - INFO - func:setup_logging - Logging configurato - Livello: INFO, Console: True, File: /home/riccardo/syncer/logs/sync.log
2025-12-03 22:34:17,595 - INFO - func:main - === AVVIO SINCRONIZZAZIONE PROGETTI ===
2025-12-03 22:34:17,682 - INFO - func:extract_custom_fields_from_schema - Estratti 7 custom fields dallo schema
2025-12-03 22:34:17,792 - INFO - func:extract_custom_fields_from_schema - Estratti 1 custom fields dallo schema
2025-12-03 22:34:17,793 - INFO - func:load_custom_fields_to_cache - Custom fields aggiornati con 7 per progetto e 1 per utenti
2025-12-03 22:34:18,223 - INFO - func:run_full_sync - Extracting project entries from Gimi Database
2025-12-03 22:34:18,224 - INFO - func:load_query - Query SQL caricata da /home/riccardo/syncer/app/queries/mainQuery.sql
2025-12-03 22:34:20,352 - INFO - func:extract_Gimi_projects_entries - Estratti 1978 progetti dal database di Gimi
2025-12-03 22:34:20,355 - INFO - func:load_query - Query SQL caricata da /home/riccardo/syncer/app/queries/extractUsers.sql
2025-12-03 22:34:20,483 - INFO - func:extract_Gimi_manutentori_entries - Extracted 53 maintainers from Gimi database
2025-12-03 22:34:20,484 - INFO - func:_extract_cache_data - Extracting data from Cache database...
2025-12-03 22:34:20,498 - INFO - func:_extract_cache_data - Extracted 0 users from cache
2025-12-03 22:34:20,521 - INFO - func:_extract_cache_data - Extracted 77 projects from cache
2025-12-03 22:37:07,282 - INFO - func:setup_logging - Logging configurato - Livello: INFO, Console: True, File: /home/riccardo/syncer/logs/sync.log
2025-12-03 22:37:07,282 - INFO - func:main - === AVVIO SINCRONIZZAZIONE PROGETTI ===
2025-12-03 22:37:07,450 - INFO - func:extract_custom_fields_from_schema - Estratti 7 custom fields dallo schema
2025-12-03 22:37:07,500 - INFO - func:extract_custom_fields_from_schema - Estratti 1 custom fields dallo schema
2025-12-03 22:37:07,504 - INFO - func:load_custom_fields_to_cache - Custom fields aggiornati con 7 per progetto e 1 per utenti
2025-12-03 22:37:07,873 - INFO - func:run_full_sync - Extracting project entries from Gimi Database
2025-12-03 22:37:07,873 - INFO - func:load_query - Query SQL caricata da /home/riccardo/syncer/app/queries/mainQuery.sql
2025-12-03 22:37:10,011 - INFO - func:extract_Gimi_projects_entries - Estratti 1978 progetti dal database di Gimi
2025-12-03 22:37:10,014 - INFO - func:load_query - Query SQL caricata da /home/riccardo/syncer/app/queries/extractUsers.sql
2025-12-03 22:37:10,143 - INFO - func:extract_Gimi_manutentori_entries - Extracted 53 maintainers from Gimi database
2025-12-03 22:37:10,145 - INFO - func:_extract_cache_data - Extracting data from Cache database...
2025-12-03 22:37:10,164 - INFO - func:_extract_cache_data - Extracted 0 users from cache
2025-12-03 22:37:10,182 - INFO - func:_extract_cache_data - Extracted 77 projects from cache
2025-12-03 22:38:13,077 - INFO - func:setup_logging - Logging configurato - Livello: INFO, Console: True, File: /home/riccardo/syncer/logs/sync.log
2025-12-03 22:38:13,078 - INFO - func:main - === AVVIO SINCRONIZZAZIONE PROGETTI ===
2025-12-03 22:38:13,182 - INFO - func:extract_custom_fields_from_schema - Estratti 7 custom fields dallo schema
2025-12-03 22:38:13,233 - INFO - func:extract_custom_fields_from_schema - Estratti 1 custom fields dallo schema
2025-12-03 22:38:13,234 - INFO - func:load_custom_fields_to_cache - Custom fields aggiornati con 7 per progetto e 1 per utenti
2025-12-03 22:38:13,563 - INFO - func:run_full_sync - Extracting project entries from Gimi Database
2025-12-03 22:38:13,564 - INFO - func:load_query - Query SQL caricata da /home/riccardo/syncer/app/queries/mainQuery.sql
2025-12-03 22:38:15,541 - INFO - func:extract_Gimi_projects_entries - Estratti 1978 progetti dal database di Gimi
2025-12-03 22:38:15,544 - INFO - func:load_query - Query SQL caricata da /home/riccardo/syncer/app/queries/extractUsers.sql
2025-12-03 22:38:15,863 - INFO - func:extract_Gimi_manutentori_entries - Extracted 53 maintainers from Gimi database
2025-12-03 22:38:15,865 - INFO - func:_extract_cache_data - Extracting data from Cache database...
2025-12-03 22:38:15,878 - INFO - func:_extract_cache_data - Extracted 0 users from cache
2025-12-03 22:38:15,896 - INFO - func:_extract_cache_data - Extracted 77 projects from cache
2025-12-03 22:39:15,358 - INFO - func:_identify_sync_operation_users - Cache correctly updated
2025-12-06 16:01:45,841 - INFO - func:setup_logging - Logging configurato - Livello: INFO, Console: True, File: /home/riccardo/syncer/logs/sync.log
2025-12-06 16:01:45,844 - INFO - func:main - === AVVIO SINCRONIZZAZIONE PROGETTI ===
2025-12-06 16:01:47,597 - INFO - func:extract_custom_fields_from_schema - Estratti 7 custom fields dallo schema
2025-12-06 16:01:47,733 - INFO - func:extract_custom_fields_from_schema - Estratti 1 custom fields dallo schema
2025-12-06 16:01:47,734 - INFO - func:load_custom_fields_to_cache - Custom fields aggiornati con 7 per progetto e 1 per utenti
2025-12-06 16:01:49,784 - INFO - func:run_full_sync - Extracting project entries from Gimi Database
2025-12-06 16:01:49,786 - INFO - func:load_query - Query SQL caricata da /home/riccardo/syncer/app/queries/mainQuery.sql
2025-12-06 16:01:55,392 - INFO - func:extract_Gimi_projects_entries - Estratti 1978 progetti dal database di Gimi
2025-12-06 16:01:55,400 - INFO - func:load_query - Query SQL caricata da /home/riccardo/syncer/app/queries/extractUsers.sql
2025-12-06 16:01:55,974 - INFO - func:extract_Gimi_manutentori_entries - Extracted 53 maintainers from Gimi database
2025-12-06 16:01:55,976 - INFO - func:_extract_cache_data - Extracting data from Cache database...
2025-12-06 16:01:56,029 - INFO - func:_extract_cache_data - Extracted 0 users from cache
2025-12-06 16:01:56,060 - INFO - func:_extract_cache_data - Extracted 77 projects from cache
2025-12-06 16:03:16,040 - INFO - func:_identify_sync_operation_users - Cache correctly updated
2025-12-06 16:03:28,668 - INFO - func:_execute_create_operations_users - Creation of 53 users...
2025-12-06 16:04:11,017 - INFO - func:setup_logging - Logging configurato - Livello: INFO, Console: True, File: /home/riccardo/syncer/logs/sync.log
2025-12-06 16:04:11,017 - INFO - func:main - === AVVIO SINCRONIZZAZIONE PROGETTI ===
2025-12-06 16:04:11,176 - INFO - func:extract_custom_fields_from_schema - Estratti 7 custom fields dallo schema
2025-12-06 16:04:11,254 - INFO - func:extract_custom_fields_from_schema - Estratti 1 custom fields dallo schema
2025-12-06 16:04:11,256 - INFO - func:load_custom_fields_to_cache - Custom fields aggiornati con 7 per progetto e 1 per utenti
2025-12-06 16:04:11,986 - INFO - func:run_full_sync - Extracting project entries from Gimi Database
2025-12-06 16:04:11,986 - INFO - func:load_query - Query SQL caricata da /home/riccardo/syncer/app/queries/mainQuery.sql
2025-12-06 16:04:14,581 - INFO - func:extract_Gimi_projects_entries - Estratti 1978 progetti dal database di Gimi
2025-12-06 16:04:14,584 - INFO - func:load_query - Query SQL caricata da /home/riccardo/syncer/app/queries/extractUsers.sql
2025-12-06 16:04:14,710 - INFO - func:extract_Gimi_manutentori_entries - Extracted 53 maintainers from Gimi database
2025-12-06 16:04:14,713 - INFO - func:_extract_cache_data - Extracting data from Cache database...
2025-12-06 16:04:14,743 - INFO - func:_extract_cache_data - Extracted 0 users from cache
2025-12-06 16:04:14,791 - INFO - func:_extract_cache_data - Extracted 77 projects from cache
2025-12-06 16:04:14,797 - INFO - func:_identify_sync_operation_users - Cache correctly updated
2025-12-06 16:04:26,393 - INFO - func:_execute_sync_operations_users - Executing 53 operations....
2025-12-06 16:04:35,310 - INFO - func:_execute_create_operations_users - Creation of 53 users...
2025-12-06 16:05:01,506 - ERROR - func:create_user - Errore generico nella creazione dell'utente: 'Numero'
2025-12-06 16:05:15,128 - ERROR - func:_handle_operation_success_users - Errore gestione successo per utente 23: 'NoneType' object has no attribute 'id'
2025-12-06 16:08:39,180 - INFO - func:setup_logging - Logging configurato - Livello: INFO, Console: True, File: /home/riccardo/syncer/logs/sync.log
2025-12-06 16:08:39,181 - INFO - func:main - === AVVIO SINCRONIZZAZIONE PROGETTI ===
2025-12-06 16:08:39,328 - INFO - func:extract_custom_fields_from_schema - Estratti 7 custom fields dallo schema
2025-12-06 16:08:39,389 - INFO - func:extract_custom_fields_from_schema - Estratti 1 custom fields dallo schema
2025-12-06 16:08:39,390 - INFO - func:load_custom_fields_to_cache - Custom fields aggiornati con 7 per progetto e 1 per utenti
2025-12-06 16:08:39,792 - INFO - func:run_full_sync - Extracting project entries from Gimi Database
2025-12-06 16:08:39,792 - INFO - func:load_query - Query SQL caricata da /home/riccardo/syncer/app/queries/mainQuery.sql
2025-12-06 16:08:42,071 - INFO - func:extract_Gimi_projects_entries - Estratti 1978 progetti dal database di Gimi
2025-12-06 16:08:42,074 - INFO - func:load_query - Query SQL caricata da /home/riccardo/syncer/app/queries/extractUsers.sql
2025-12-06 16:08:42,207 - INFO - func:extract_Gimi_manutentori_entries - Extracted 53 maintainers from Gimi database
2025-12-06 16:08:42,210 - INFO - func:_extract_cache_data - Extracting data from Cache database...
2025-12-06 16:08:42,228 - INFO - func:_extract_cache_data - Extracted 0 users from cache
2025-12-06 16:08:42,249 - INFO - func:_extract_cache_data - Extracted 77 projects from cache
2025-12-06 16:08:42,254 - INFO - func:_identify_sync_operation_users - Cache correctly updated
2025-12-06 16:08:50,323 - INFO - func:_execute_sync_operations_users - Executing 53 operations....
2025-12-06 16:08:55,077 - INFO - func:_execute_create_operations_users - Creation of 53 users...
2025-12-06 16:11:04,279 - INFO - func:setup_logging - Logging configurato - Livello: INFO, Console: True, File: /home/riccardo/syncer/logs/sync.log
2025-12-06 16:11:04,280 - INFO - func:main - === AVVIO SINCRONIZZAZIONE PROGETTI ===
2025-12-06 16:11:04,364 - INFO - func:extract_custom_fields_from_schema - Estratti 7 custom fields dallo schema
2025-12-06 16:11:04,414 - INFO - func:extract_custom_fields_from_schema - Estratti 1 custom fields dallo schema
2025-12-06 16:11:04,415 - INFO - func:load_custom_fields_to_cache - Custom fields aggiornati con 7 per progetto e 1 per utenti
2025-12-06 16:11:04,889 - INFO - func:run_full_sync - Extracting project entries from Gimi Database
2025-12-06 16:11:04,889 - INFO - func:load_query - Query SQL caricata da /home/riccardo/syncer/app/queries/mainQuery.sql
2025-12-06 16:11:07,117 - INFO - func:extract_Gimi_projects_entries - Estratti 1978 progetti dal database di Gimi
2025-12-06 16:11:07,121 - INFO - func:load_query - Query SQL caricata da /home/riccardo/syncer/app/queries/extractUsers.sql
2025-12-06 16:11:07,253 - INFO - func:extract_Gimi_manutentori_entries - Extracted 53 maintainers from Gimi database
2025-12-06 16:11:07,254 - INFO - func:_extract_cache_data - Extracting data from Cache database...
2025-12-06 16:11:07,270 - INFO - func:_extract_cache_data - Extracted 0 users from cache
2025-12-06 16:11:07,296 - INFO - func:_extract_cache_data - Extracted 77 projects from cache
2025-12-06 16:11:07,309 - INFO - func:_identify_sync_operation_users - Cache correctly updated
2025-12-06 16:11:09,555 - INFO - func:_execute_sync_operations_users - Executing 53 operations....
2025-12-06 16:11:09,558 - INFO - func:_execute_create_operations_users - Creation of 53 users...
2025-12-06 16:11:10,116 - INFO - func:create_user - Utente creato con successo: colaiocco.roberto@tecnolift.it (ID: 14)
2025-12-06 16:11:10,388 - INFO - func:create_user - Utente creato con successo: derevlean.toader@tecnolift.it (ID: 15)
2025-12-06 16:11:10,790 - INFO - func:create_user - Utente creato con successo: meloni.maurizio@tecnolift.it (ID: 16)
2025-12-06 16:11:11,008 - INFO - func:create_user - Utente creato con successo: meani.giuliano@emergenzalift.it (ID: 17)
2025-12-06 16:11:11,195 - INFO - func:create_user - Utente creato con successo: pomohaci.adrian@tecnolift.it (ID: 18)
2025-12-06 16:11:11,410 - INFO - func:create_user - Utente creato con successo: cavaglia.marco@tecnolift.it (ID: 19)
2025-12-06 16:11:11,603 - INFO - func:create_user - Utente creato con successo: bauducco.stefano@tecnolift.it (ID: 20)
2025-12-06 16:11:11,812 - INFO - func:create_user - Utente creato con successo: barra.simone@tecnolift.it (ID: 21)
2025-12-06 16:11:12,005 - INFO - func:create_user - Utente creato con successo: pinnelli.gerardo@tecnolift.it (ID: 22)
2025-12-06 16:11:12,200 - INFO - func:create_user - Utente creato con successo: benzari.khalid@emergenzalift.it (ID: 23)
2025-12-06 16:11:12,384 - INFO - func:create_user - Utente creato con successo: musso.carlo@tecnolift.it (ID: 24)
2025-12-06 16:11:12,582 - INFO - func:create_user - Utente creato con successo: popa.ciprian@tecnolift.it (ID: 25)
2025-12-06 16:11:12,775 - INFO - func:create_user - Utente creato con successo: schellino.enrico@tecnolift.it (ID: 26)
2025-12-06 16:11:12,966 - INFO - func:create_user - Utente creato con successo: tommasini.antonio@tecnolift.it (ID: 27)
2025-12-06 16:11:13,160 - INFO - func:create_user - Utente creato con successo: soroberto.carmelo@tecnolift.it (ID: 28)
2025-12-06 16:11:13,330 - INFO - func:create_user - Utente creato con successo: trullu.giovanni@tecnolift.it (ID: 29)
2025-12-06 16:11:13,507 - INFO - func:create_user - Utente creato con successo: schiano.mattia@tecnolift.it (ID: 30)
2025-12-06 16:11:13,707 - INFO - func:create_user - Utente creato con successo: zhekov.zheko@emergenzalift.it (ID: 31)
2025-12-06 16:11:13,906 - INFO - func:create_user - Utente creato con successo: righetti.marco@tecnolift.it (ID: 32)
2025-12-06 16:11:14,113 - INFO - func:create_user - Utente creato con successo: commerciale@tecnolift.it (ID: 33)
2025-12-06 16:11:14,294 - INFO - func:create_user - Utente creato con successo: amministrazione@tecnolift.it (ID: 34)
2025-12-06 16:11:14,520 - INFO - func:create_user - Utente creato con successo: girotti.alberto@tecnolift.it (ID: 35)
2025-12-06 16:11:14,728 - INFO - func:create_user - Utente creato con successo: flis.christian@tecnolift.it (ID: 36)
2025-12-06 16:11:14,880 - INFO - func:create_user - Utente creato con successo: Limongi.Nicola@mail_temporanea.it (ID: 37)
2025-12-06 16:11:15,069 - INFO - func:create_user - Utente creato con successo: redaelli.mattia@italiatecnomec.com (ID: 38)
2025-12-06 16:11:15,230 - INFO - func:create_user - Utente creato con successo: Cungu.Millko@mail_temporanea.it (ID: 39)
2025-12-06 16:11:15,414 - INFO - func:create_user - Utente creato con successo: Iantuc.Gheorghe@mail_temporanea.it (ID: 40)
2025-12-06 16:11:15,506 - ERROR - func:create_user - Errore generico nella creazione dell'utente: Error running request with the URL (HTTPError): 'http://localhost:3000/api/v3/users'.
 {"_type":"Error","errorIdentifier":"urn:openproject-org:api:v3:errors:PropertyConstraintViolation","message":"Email non è un indirizzo email valido","_embedded":{"details":{"attribute":"email"}}}
2025-12-06 16:11:15,507 - ERROR - func:_handle_operation_success_users - Errore gestione successo per utente 109: 'NoneType' object has no attribute 'id'
2025-12-06 16:11:15,672 - INFO - func:create_user - Utente creato con successo: imerese.andrea@tecnolift.it (ID: 41)
2025-12-06 16:11:15,826 - INFO - func:create_user - Utente creato con successo: Caggia.Daniele@mail_temporanea.it (ID: 42)
2025-12-06 16:11:16,035 - INFO - func:create_user - Utente creato con successo: Craciun.Gheorghe@mail_temporanea.it (ID: 43)
2025-12-06 16:11:16,237 - INFO - func:create_user - Utente creato con successo: bianchi.lorenzo@tecnolift.it (ID: 44)
2025-12-06 16:11:16,399 - INFO - func:create_user - Utente creato con successo: caretti.marco@tecnolift.it (ID: 45)
2025-12-06 16:11:16,604 - INFO - func:create_user - Utente creato con successo: stucchi.pasquale@tecnolift.it (ID: 46)
2025-12-06 16:11:16,814 - INFO - func:create_user - Utente creato con successo: segreteria@tecnolift.it (ID: 47)
2025-12-06 16:11:16,986 - INFO - func:create_user - Utente creato con successo: suhani.luca@tecnolift.it (ID: 48)
2025-12-06 16:11:17,196 - INFO - func:create_user - Utente creato con successo: bauducco.andrea@tecnolift.it (ID: 49)
2025-12-06 16:11:17,381 - INFO - func:create_user - Utente creato con successo: boscolo.mauro@tecnolift.it (ID: 50)
2025-12-06 16:11:17,568 - INFO - func:create_user - Utente creato con successo: calin.mihai@tecnolift.it (ID: 51)
2025-12-06 16:11:17,737 - INFO - func:create_user - Utente creato con successo: meletti.marco@tecnolift.it (ID: 52)
2025-12-06 16:11:17,933 - INFO - func:create_user - Utente creato con successo: perri.luca@tecnolift.it (ID: 53)
2025-12-06 16:11:18,106 - INFO - func:create_user - Utente creato con successo: Uberti.Paolo@mail_temporanea.it (ID: 54)
2025-12-06 16:11:18,315 - INFO - func:create_user - Utente creato con successo: Grott.Alessandro@mail_temporanea.it (ID: 55)
2025-12-06 16:11:18,501 - INFO - func:create_user - Utente creato con successo: Cantoni.Walther@mail_temporanea.it (ID: 56)
2025-12-06 16:11:18,654 - INFO - func:create_user - Utente creato con successo: Berton.Silvia@mail_temporanea.it (ID: 57)
2025-12-06 16:11:18,832 - INFO - func:create_user - Utente creato con successo: Chiantor.Stefano@mail_temporanea.it (ID: 58)
2025-12-06 16:11:18,987 - INFO - func:create_user - Utente creato con successo: Biolatti.Davide@mail_temporanea.it (ID: 59)
2025-12-06 16:11:19,189 - INFO - func:create_user - Utente creato con successo: Hoxha.Laert@mail_temporanea.it (ID: 60)
2025-12-06 16:11:19,392 - INFO - func:create_user - Utente creato con successo: musso.roberta@tecnolift.it (ID: 61)
2025-12-06 16:11:19,552 - INFO - func:create_user - Utente creato con successo: Kola.Marjo@mail_temporanea.it (ID: 62)
2025-12-06 16:11:19,747 - INFO - func:create_user - Utente creato con successo: bianchiascensori@outlook.it (ID: 63)
2025-12-06 16:11:19,914 - INFO - func:create_user - Utente creato con successo: Armando.Gjoshi@mail_temporanea.it (ID: 64)
2025-12-06 16:11:20,108 - INFO - func:create_user - Utente creato con successo: Simone.Marin@mail_temporanea.it (ID: 65)
2025-12-06 16:25:20,017 - INFO - func:setup_logging - Logging configurato - Livello: INFO, Console: True, File: /home/riccardo/syncer/logs/sync.log
2025-12-06 16:25:21,048 - INFO - func:main - === AVVIO SINCRONIZZAZIONE PROGETTI ===
2025-12-06 16:25:21,702 - INFO - func:extract_custom_fields_from_schema - Estratti 7 custom fields dallo schema
2025-12-06 16:25:21,791 - INFO - func:extract_custom_fields_from_schema - Estratti 1 custom fields dallo schema
2025-12-06 16:25:21,792 - INFO - func:load_custom_fields_to_cache - Custom fields aggiornati con 7 per progetto e 1 per utenti
2025-12-06 16:25:24,265 - INFO - func:run_full_sync - Extracting project entries from Gimi Database
2025-12-06 16:25:24,949 - INFO - func:load_query - Query SQL caricata da /home/riccardo/syncer/app/queries/mainQuery.sql
2025-12-06 16:25:27,424 - INFO - func:extract_Gimi_projects_entries - Estratti 1978 progetti dal database di Gimi
2025-12-06 16:25:28,028 - INFO - func:load_query - Query SQL caricata da /home/riccardo/syncer/app/queries/extractUsers.sql
2025-12-06 16:25:28,340 - INFO - func:extract_Gimi_manutentori_entries - Extracted 53 maintainers from Gimi database
2025-12-06 16:25:29,662 - INFO - func:_extract_cache_data - Extracting data from Cache database...
2025-12-06 16:25:29,683 - INFO - func:_extract_cache_data - Extracted 0 users from cache
2025-12-06 16:25:29,711 - INFO - func:_extract_cache_data - Extracted 77 projects from cache
2025-12-06 16:25:30,429 - INFO - func:_identify_sync_operation_users - Cache correctly updated
2025-12-06 16:25:32,492 - INFO - func:_execute_sync_operations_users - Executing 53 operations....
2025-12-06 16:25:38,113 - INFO - func:_execute_create_operations_users - Creation of 53 users...
2025-12-06 20:34:43,978 - INFO - func:setup_logging - Logging configurato - Livello: INFO, Console: True, File: /home/riccardo/syncer/logs/sync.log
2025-12-06 20:34:43,981 - INFO - func:main - === AVVIO SINCRONIZZAZIONE PROGETTI ===
2025-12-06 20:34:44,375 - INFO - func:extract_custom_fields_from_schema - Estratti 7 custom fields dallo schema
2025-12-06 20:34:44,582 - INFO - func:extract_custom_fields_from_schema - Estratti 1 custom fields dallo schema
2025-12-06 20:34:44,582 - INFO - func:load_custom_fields_to_cache - Custom fields aggiornati con 7 per progetto e 1 per utenti
2025-12-06 20:34:45,165 - INFO - func:run_full_sync - Extracting project entries from Gimi Database
2025-12-06 20:34:45,166 - INFO - func:load_query - Query SQL caricata da /home/riccardo/syncer/app/queries/mainQuery.sql
2025-12-06 20:34:47,471 - INFO - func:extract_Gimi_projects_entries - Estratti 1978 progetti dal database di Gimi
2025-12-06 20:34:47,475 - INFO - func:load_query - Query SQL caricata da /home/riccardo/syncer/app/queries/extractUsers.sql
2025-12-06 20:34:47,585 - INFO - func:extract_Gimi_manutentori_entries - Extracted 53 maintainers from Gimi database
2025-12-06 20:34:47,588 - INFO - func:_extract_cache_data - Extracting data from Cache database...
2025-12-06 20:34:47,610 - INFO - func:_extract_cache_data - Extracted 0 users from cache
2025-12-06 20:34:47,631 - INFO - func:_extract_cache_data - Extracted 77 projects from cache
2025-12-06 20:34:47,642 - INFO - func:_identify_sync_operation_users - Cache correctly updated
2025-12-06 20:34:50,664 - INFO - func:_execute_sync_operations_users - Executing 53 operations....
2025-12-06 20:34:50,667 - INFO - func:_execute_create_operations_users - Creation of 53 users...
2025-12-07 12:29:47,813 - INFO - func:setup_logging - Logging configurato - Livello: INFO, Console: True, File: /home/riccardo/syncer/logs/sync.log
2025-12-07 12:29:47,816 - INFO - func:main - === AVVIO SINCRONIZZAZIONE PROGETTI ===
2025-12-07 12:29:50,619 - INFO - func:extract_custom_fields_from_schema - Estratti 7 custom fields dallo schema
2025-12-07 12:29:50,714 - INFO - func:extract_custom_fields_from_schema - Estratti 1 custom fields dallo schema
2025-12-07 12:29:50,715 - INFO - func:load_custom_fields_to_cache - Custom fields aggiornati con 7 per progetto e 1 per utenti
2025-12-07 12:29:51,480 - INFO - func:run_full_sync - Extracting project entries from Gimi Database
2025-12-07 12:29:51,482 - INFO - func:load_query - Query SQL caricata da /home/riccardo/syncer/app/queries/mainQuery.sql
2025-12-07 12:29:54,828 - INFO - func:extract_Gimi_projects_entries - Estratti 1978 progetti dal database di Gimi
2025-12-07 12:29:54,831 - INFO - func:load_query - Query SQL caricata da /home/riccardo/syncer/app/queries/extractUsers.sql
2025-12-07 12:29:55,268 - INFO - func:extract_Gimi_manutentori_entries - Extracted 53 maintainers from Gimi database
2025-12-07 12:29:55,270 - INFO - func:_extract_cache_data - Extracting data from Cache database...
2025-12-07 12:29:55,284 - INFO - func:_extract_cache_data - Extracted 0 users from cache
2025-12-07 12:29:55,301 - INFO - func:_extract_cache_data - Extracted 77 projects from cache
2025-12-07 12:29:55,305 - INFO - func:_identify_sync_operation_users - Cache correctly updated
2025-12-07 12:29:58,846 - INFO - func:_execute_sync_operations_users - Executing 53 operations....
2025-12-07 12:30:07,316 - INFO - func:_execute_create_operations_users - Creation of 53 users...
2025-12-07 12:30:45,393 - INFO - func:create_user - Utente creato con successo: colaiocco.roberto@tecnolift.it (ID: 66)
2025-12-07 12:31:15,357 - INFO - func:create_user - Utente creato con successo: derevlean.toader@tecnolift.it (ID: 67)
2025-12-07 12:31:18,355 - INFO - func:create_user - Utente creato con successo: meloni.maurizio@tecnolift.it (ID: 68)
2025-12-07 12:31:19,872 - INFO - func:create_user - Utente creato con successo: meani.giuliano@emergenzalift.it (ID: 69)
2025-12-07 12:31:20,890 - INFO - func:create_user - Utente creato con successo: pomohaci.adrian@tecnolift.it (ID: 70)
2025-12-07 12:31:21,777 - INFO - func:create_user - Utente creato con successo: cavaglia.marco@tecnolift.it (ID: 71)
2025-12-07 12:31:22,861 - INFO - func:create_user - Utente creato con successo: bauducco.stefano@tecnolift.it (ID: 72)
2025-12-07 12:31:26,495 - INFO - func:create_user - Utente creato con successo: barra.simone@tecnolift.it (ID: 73)
2025-12-07 12:31:27,684 - INFO - func:create_user - Utente creato con successo: pinnelli.gerardo@tecnolift.it (ID: 74)
2025-12-07 12:31:28,709 - INFO - func:create_user - Utente creato con successo: benzari.khalid@emergenzalift.it (ID: 75)
2025-12-07 12:31:29,593 - INFO - func:create_user - Utente creato con successo: musso.carlo@tecnolift.it (ID: 76)
2025-12-07 12:31:30,528 - INFO - func:create_user - Utente creato con successo: popa.ciprian@tecnolift.it (ID: 77)
2025-12-07 12:31:31,382 - INFO - func:create_user - Utente creato con successo: schellino.enrico@tecnolift.it (ID: 78)
2025-12-07 12:31:32,179 - INFO - func:create_user - Utente creato con successo: tommasini.antonio@tecnolift.it (ID: 79)
2025-12-07 12:31:33,220 - INFO - func:create_user - Utente creato con successo: soroberto.carmelo@tecnolift.it (ID: 80)
2025-12-07 12:31:34,231 - INFO - func:create_user - Utente creato con successo: trullu.giovanni@tecnolift.it (ID: 81)
2025-12-07 12:31:35,225 - INFO - func:create_user - Utente creato con successo: schiano.mattia@tecnolift.it (ID: 82)
2025-12-07 12:31:36,224 - INFO - func:create_user - Utente creato con successo: zhekov.zheko@emergenzalift.it (ID: 83)
2025-12-07 12:31:37,216 - INFO - func:create_user - Utente creato con successo: righetti.marco@tecnolift.it (ID: 84)
2025-12-07 12:31:38,141 - INFO - func:create_user - Utente creato con successo: commerciale@tecnolift.it (ID: 85)
2025-12-07 12:31:39,129 - INFO - func:create_user - Utente creato con successo: amministrazione@tecnolift.it (ID: 86)
2025-12-07 12:31:40,019 - INFO - func:create_user - Utente creato con successo: girotti.alberto@tecnolift.it (ID: 87)
2025-12-07 12:31:41,201 - INFO - func:create_user - Utente creato con successo: flis.christian@tecnolift.it (ID: 88)
2025-12-07 12:31:42,187 - INFO - func:create_user - Utente creato con successo: Limongi.Nicola@mail_temporanea.it (ID: 89)
2025-12-07 12:31:43,294 - INFO - func:create_user - Utente creato con successo: redaelli.mattia@italiatecnomec.com (ID: 90)
2025-12-07 12:31:45,301 - INFO - func:create_user - Utente creato con successo: Cungu.Millko@mail_temporanea.it (ID: 91)
2025-12-07 12:31:47,582 - INFO - func:create_user - Utente creato con successo: Iantuc.Gheorghe@mail_temporanea.it (ID: 92)
2025-12-07 12:31:48,374 - ERROR - func:create_user - Errore generico nella creazione dell'utente: Error running request with the URL (HTTPError): 'http://localhost:3000/api/v3/users'.
 {"_type":"Error","errorIdentifier":"urn:openproject-org:api:v3:errors:PropertyConstraintViolation","message":"Email non è un indirizzo email valido","_embedded":{"details":{"attribute":"email"}}}
2025-12-07 12:31:48,375 - ERROR - func:_handle_operation_success_users - Errore gestione successo per utente 109: 'NoneType' object has no attribute 'id'
2025-12-07 12:32:33,194 - INFO - func:setup_logging - Logging configurato - Livello: INFO, Console: True, File: /home/riccardo/syncer/logs/sync.log
2025-12-07 12:32:33,195 - INFO - func:main - === AVVIO SINCRONIZZAZIONE PROGETTI ===
2025-12-07 12:32:33,410 - INFO - func:extract_custom_fields_from_schema - Estratti 7 custom fields dallo schema
2025-12-07 12:32:33,461 - INFO - func:extract_custom_fields_from_schema - Estratti 1 custom fields dallo schema
2025-12-07 12:32:33,466 - INFO - func:load_custom_fields_to_cache - Custom fields aggiornati con 7 per progetto e 1 per utenti
2025-12-07 12:32:34,033 - INFO - func:run_full_sync - Extracting project entries from Gimi Database
2025-12-07 12:32:34,034 - INFO - func:load_query - Query SQL caricata da /home/riccardo/syncer/app/queries/mainQuery.sql
2025-12-07 12:32:36,306 - INFO - func:setup_logging - Logging configurato - Livello: INFO, Console: True, File: /home/riccardo/syncer/logs/sync.log
2025-12-07 12:32:36,307 - INFO - func:main - === AVVIO SINCRONIZZAZIONE PROGETTI ===
2025-12-07 12:32:36,381 - INFO - func:extract_custom_fields_from_schema - Estratti 7 custom fields dallo schema
2025-12-07 12:32:36,486 - INFO - func:extract_custom_fields_from_schema - Estratti 1 custom fields dallo schema
2025-12-07 12:32:36,486 - INFO - func:load_custom_fields_to_cache - Custom fields aggiornati con 7 per progetto e 1 per utenti
2025-12-07 12:32:36,827 - INFO - func:run_full_sync - Extracting project entries from Gimi Database
2025-12-07 12:32:36,828 - INFO - func:load_query - Query SQL caricata da /home/riccardo/syncer/app/queries/mainQuery.sql
2025-12-07 12:32:36,886 - INFO - func:extract_Gimi_projects_entries - Estratti 1978 progetti dal database di Gimi
2025-12-07 12:32:36,890 - INFO - func:load_query - Query SQL caricata da /home/riccardo/syncer/app/queries/extractUsers.sql
2025-12-07 12:32:37,119 - INFO - func:extract_Gimi_manutentori_entries - Extracted 53 maintainers from Gimi database
2025-12-07 12:32:37,123 - INFO - func:_extract_cache_data - Extracting data from Cache database...
2025-12-07 12:32:37,146 - INFO - func:_extract_cache_data - Extracted 0 users from cache
2025-12-07 12:32:37,171 - INFO - func:_extract_cache_data - Extracted 77 projects from cache
2025-12-07 12:32:37,178 - INFO - func:_identify_sync_operation_users - Cache correctly updated
2025-12-07 12:32:39,878 - INFO - func:extract_Gimi_projects_entries - Estratti 1978 progetti dal database di Gimi
2025-12-07 12:32:39,881 - INFO - func:load_query - Query SQL caricata da /home/riccardo/syncer/app/queries/extractUsers.sql
2025-12-07 12:32:40,285 - INFO - func:extract_Gimi_manutentori_entries - Extracted 53 maintainers from Gimi database
2025-12-07 12:32:40,287 - INFO - func:_extract_cache_data - Extracting data from Cache database...
2025-12-07 12:32:40,308 - INFO - func:_extract_cache_data - Extracted 0 users from cache
2025-12-07 12:32:40,330 - INFO - func:_extract_cache_data - Extracted 77 projects from cache
2025-12-07 12:32:40,345 - INFO - func:_identify_sync_operation_users - Cache correctly updated
2025-12-07 12:32:40,757 - INFO - func:_execute_sync_operations_users - Executing 53 operations....
2025-12-07 12:32:40,758 - INFO - func:_execute_create_operations_users - Creation of 53 users...
2025-12-07 12:33:09,339 - ERROR - func:update_project - Errore generico nella creazione del progetto: Error running request with the URL (HTTPError): 'http://localhost:3000/api/v3/projects/66'.
 {"_type":"Error","errorIdentifier":"urn:openproject-org:api:v3:errors:NotFound","message":"La risorsa richiesta non è stata trovata."}
2025-12-07 12:33:13,646 - ERROR - func:_handle_operation_success_users - Errore gestione successo per utente 23: 'NoneType' object has no attribute 'id'
2025-12-07 12:35:04,073 - INFO - func:_execute_sync_operations_users - Executing 53 operations....
2025-12-07 12:35:04,074 - INFO - func:_execute_create_operations_users - Creation of 53 users...
2025-12-07 12:35:11,726 - INFO - func:setup_logging - Logging configurato - Livello: INFO, Console: True, File: /home/riccardo/syncer/logs/sync.log
2025-12-07 12:35:11,727 - INFO - func:main - === AVVIO SINCRONIZZAZIONE PROGETTI ===
2025-12-07 12:35:11,814 - INFO - func:extract_custom_fields_from_schema - Estratti 7 custom fields dallo schema
2025-12-07 12:35:11,857 - INFO - func:extract_custom_fields_from_schema - Estratti 1 custom fields dallo schema
2025-12-07 12:35:11,859 - INFO - func:load_custom_fields_to_cache - Custom fields aggiornati con 7 per progetto e 1 per utenti
2025-12-07 12:35:12,191 - INFO - func:run_full_sync - Extracting project entries from Gimi Database
2025-12-07 12:35:12,192 - INFO - func:load_query - Query SQL caricata da /home/riccardo/syncer/app/queries/mainQuery.sql
2025-12-07 12:35:14,327 - INFO - func:extract_Gimi_projects_entries - Estratti 1978 progetti dal database di Gimi
2025-12-07 12:35:14,330 - INFO - func:load_query - Query SQL caricata da /home/riccardo/syncer/app/queries/extractUsers.sql
2025-12-07 12:35:14,647 - INFO - func:extract_Gimi_manutentori_entries - Extracted 53 maintainers from Gimi database
2025-12-07 12:35:14,649 - INFO - func:_extract_cache_data - Extracting data from Cache database...
2025-12-07 12:35:14,662 - INFO - func:_extract_cache_data - Extracted 0 users from cache
2025-12-07 12:35:14,681 - INFO - func:_extract_cache_data - Extracted 77 projects from cache
2025-12-07 12:35:14,687 - INFO - func:_identify_sync_operation_users - Cache correctly updated
2025-12-07 12:35:16,934 - INFO - func:_execute_sync_operations_users - Executing 53 operations....
2025-12-07 12:35:16,935 - INFO - func:_execute_create_operations_users - Creation of 53 users...
2025-12-07 12:36:08,753 - INFO - func:update_user - Progetto aggiornato con successo: Roberto Colaiocco (ID: 66)
2025-12-07 12:36:23,147 - INFO - func:update_user - Progetto aggiornato con successo: Toader Derevlean (ID: 67)
2025-12-07 12:36:24,264 - INFO - func:update_user - Progetto aggiornato con successo: Maurizio Meloni (ID: 68)
2025-12-07 12:36:25,057 - INFO - func:update_user - Progetto aggiornato con successo: Giuliano Meani (ID: 69)
2025-12-07 12:36:28,471 - INFO - func:update_user - Progetto aggiornato con successo: Adrian Pomohaci (ID: 70)
2025-12-07 12:36:29,490 - INFO - func:update_user - Progetto aggiornato con successo: Marco Cavaglià (ID: 71)
2025-12-07 12:36:30,417 - INFO - func:update_user - Progetto aggiornato con successo: Stefano Bauducco (ID: 72)
2025-12-07 12:36:31,167 - INFO - func:update_user - Progetto aggiornato con successo: Simone Barra (ID: 73)
2025-12-07 12:36:31,935 - INFO - func:update_user - Progetto aggiornato con successo: Gerardo Pinnelli (ID: 74)
2025-12-07 12:36:32,993 - INFO - func:update_user - Progetto aggiornato con successo: Khalid Benzari (ID: 75)
2025-12-07 12:36:33,736 - INFO - func:update_user - Progetto aggiornato con successo: Carlo Alberto Musso (ID: 76)
2025-12-07 12:36:34,449 - INFO - func:update_user - Progetto aggiornato con successo: Ciprian Popa (ID: 77)
2025-12-07 12:36:35,273 - INFO - func:update_user - Progetto aggiornato con successo: Enrico Schellino (ID: 78)
2025-12-07 12:36:36,306 - INFO - func:update_user - Progetto aggiornato con successo: Antonio Tommasini (ID: 79)
2025-12-07 12:36:37,290 - INFO - func:update_user - Progetto aggiornato con successo: Carmelo Soroberto (ID: 80)
2025-12-07 12:36:38,152 - INFO - func:update_user - Progetto aggiornato con successo: Giovanni Trullu (ID: 81)
2025-12-07 12:36:39,208 - INFO - func:update_user - Progetto aggiornato con successo: Mattia Schiano (ID: 82)
2025-12-07 12:36:40,453 - INFO - func:update_user - Progetto aggiornato con successo: Zhekov Zheko (ID: 83)
2025-12-07 12:36:41,521 - INFO - func:update_user - Progetto aggiornato con successo: Marco Righetti (ID: 84)
2025-12-07 12:36:42,601 - INFO - func:update_user - Progetto aggiornato con successo: Elena Lisa (ID: 85)
2025-12-07 12:36:43,808 - INFO - func:update_user - Progetto aggiornato con successo: Marzia Polignone (ID: 86)
2025-12-07 12:36:45,408 - INFO - func:update_user - Progetto aggiornato con successo: Alberto Girotti (ID: 87)
2025-12-07 12:36:47,197 - INFO - func:update_user - Progetto aggiornato con successo: Christian Flis (ID: 88)
2025-12-07 12:36:48,280 - INFO - func:update_user - Progetto aggiornato con successo: Nicola Limongi (ID: 89)
2025-12-07 12:36:49,664 - INFO - func:update_user - Progetto aggiornato con successo: Mattia Redaelli (ID: 90)
2025-12-07 12:36:50,687 - INFO - func:update_user - Progetto aggiornato con successo: Millko Cungu (ID: 91)
2025-12-07 12:36:53,360 - INFO - func:update_user - Progetto aggiornato con successo: Gheorghe Iantuc (ID: 92)
2025-12-07 12:38:42,535 - INFO - func:setup_logging - Logging configurato - Livello: INFO, Console: True, File: /home/riccardo/syncer/logs/sync.log
2025-12-07 12:38:42,536 - INFO - func:main - === AVVIO SINCRONIZZAZIONE PROGETTI ===
2025-12-07 12:38:42,633 - INFO - func:extract_custom_fields_from_schema - Estratti 7 custom fields dallo schema
2025-12-07 12:38:42,695 - INFO - func:extract_custom_fields_from_schema - Estratti 1 custom fields dallo schema
2025-12-07 12:38:42,695 - INFO - func:load_custom_fields_to_cache - Custom fields aggiornati con 7 per progetto e 1 per utenti
2025-12-07 12:38:43,053 - INFO - func:run_full_sync - Extracting project entries from Gimi Database
2025-12-07 12:38:43,054 - INFO - func:load_query - Query SQL caricata da /home/riccardo/syncer/app/queries/mainQuery.sql
2025-12-07 12:38:45,205 - INFO - func:extract_Gimi_projects_entries - Estratti 1978 progetti dal database di Gimi
2025-12-07 12:38:48,125 - INFO - func:load_query - Query SQL caricata da /home/riccardo/syncer/app/queries/extractUsers.sql
2025-12-07 12:38:48,460 - INFO - func:extract_Gimi_manutentori_entries - Extracted 53 maintainers from Gimi database
2025-12-07 12:39:28,846 - INFO - func:_extract_cache_data - Extracting data from Cache database...
2025-12-07 12:39:28,860 - INFO - func:_extract_cache_data - Extracted 0 users from cache
2025-12-07 12:39:28,891 - INFO - func:_extract_cache_data - Extracted 77 projects from cache
2025-12-07 12:45:06,490 - INFO - func:setup_logging - Logging configurato - Livello: INFO, Console: True, File: /home/riccardo/syncer/logs/sync.log
2025-12-07 12:45:06,491 - INFO - func:main - === AVVIO SINCRONIZZAZIONE PROGETTI ===
2025-12-07 12:45:06,615 - INFO - func:extract_custom_fields_from_schema - Estratti 7 custom fields dallo schema
2025-12-07 12:45:06,665 - INFO - func:extract_custom_fields_from_schema - Estratti 1 custom fields dallo schema
2025-12-07 12:45:06,667 - INFO - func:load_custom_fields_to_cache - Custom fields aggiornati con 7 per progetto e 1 per utenti
2025-12-07 12:45:07,081 - INFO - func:run_full_sync - Extracting project entries from Gimi Database
2025-12-07 12:45:07,082 - INFO - func:load_query - Query SQL caricata da /home/riccardo/syncer/app/queries/mainQuery.sql
2025-12-07 12:45:09,366 - INFO - func:extract_Gimi_projects_entries - Estratti 1978 progetti dal database di Gimi
2025-12-07 12:45:46,496 - INFO - func:load_query - Query SQL caricata da /home/riccardo/syncer/app/queries/extractUsers.sql
2025-12-07 12:45:46,774 - INFO - func:extract_Gimi_manutentori_entries - Extracted 53 maintainers from Gimi database
2025-12-07 12:45:46,776 - INFO - func:_extract_cache_data - Extracting data from Cache database...
2025-12-07 12:45:46,790 - INFO - func:_extract_cache_data - Extracted 0 users from cache
2025-12-07 12:45:46,810 - INFO - func:_extract_cache_data - Extracted 77 projects from cache
2025-12-07 12:47:53,752 - INFO - func:setup_logging - Logging configurato - Livello: INFO, Console: True, File: /home/riccardo/syncer/logs/sync.log
2025-12-07 12:47:53,753 - INFO - func:main - === AVVIO SINCRONIZZAZIONE PROGETTI ===
2025-12-07 12:47:53,864 - INFO - func:extract_custom_fields_from_schema - Estratti 7 custom fields dallo schema
2025-12-07 12:47:53,938 - INFO - func:extract_custom_fields_from_schema - Estratti 1 custom fields dallo schema
2025-12-07 12:47:53,939 - INFO - func:load_custom_fields_to_cache - Custom fields aggiornati con 7 per progetto e 1 per utenti
2025-12-07 12:47:54,350 - INFO - func:run_full_sync - Extracting project entries from Gimi Database
2025-12-07 12:47:54,351 - INFO - func:load_query - Query SQL caricata da /home/riccardo/syncer/app/queries/mainQuery.sql
2025-12-07 12:47:56,568 - INFO - func:extract_Gimi_projects_entries - Estratti 1978 progetti dal database di Gimi
2025-12-07 12:47:59,376 - INFO - func:load_query - Query SQL caricata da /home/riccardo/syncer/app/queries/extractUsers.sql
2025-12-07 12:47:59,654 - INFO - func:extract_Gimi_manutentori_entries - Extracted 53 maintainers from Gimi database
2025-12-07 12:47:59,656 - INFO - func:_extract_cache_data - Extracting data from Cache database...
2025-12-07 12:47:59,669 - INFO - func:_extract_cache_data - Extracted 0 users from cache
2025-12-07 12:47:59,687 - INFO - func:_extract_cache_data - Extracted 77 projects from cache
2025-12-07 12:49:31,294 - INFO - func:setup_logging - Logging configurato - Livello: INFO, Console: True, File: /home/riccardo/syncer/logs/sync.log
2025-12-07 12:49:31,294 - INFO - func:main - === AVVIO SINCRONIZZAZIONE PROGETTI ===
2025-12-07 12:49:31,427 - INFO - func:extract_custom_fields_from_schema - Estratti 7 custom fields dallo schema
2025-12-07 12:49:31,463 - INFO - func:extract_custom_fields_from_schema - Estratti 1 custom fields dallo schema
2025-12-07 12:49:31,463 - INFO - func:load_custom_fields_to_cache - Custom fields aggiornati con 7 per progetto e 1 per utenti
2025-12-07 12:49:31,817 - INFO - func:run_full_sync - Extracting project entries from Gimi Database
2025-12-07 12:49:31,818 - INFO - func:load_query - Query SQL caricata da /home/riccardo/syncer/app/queries/mainQuery.sql
2025-12-07 12:49:33,898 - INFO - func:extract_Gimi_projects_entries - Estratti 1978 progetti dal database di Gimi
2025-12-07 12:49:35,945 - INFO - func:load_query - Query SQL caricata da /home/riccardo/syncer/app/queries/extractUsers.sql
2025-12-07 12:49:36,240 - INFO - func:extract_Gimi_manutentori_entries - Extracted 53 maintainers from Gimi database
2025-12-07 12:49:36,241 - INFO - func:_extract_cache_data - Extracting data from Cache database...
2025-12-07 12:49:36,255 - INFO - func:_extract_cache_data - Extracted 0 users from cache
2025-12-07 12:49:36,280 - INFO - func:_extract_cache_data - Extracted 77 projects from cache
2025-12-07 12:50:20,411 - INFO - func:_identify_sync_operation_users - Cache correctly updated
2025-12-07 12:50:24,445 - INFO - func:_execute_sync_operations_users - Executing 53 operations....
2025-12-07 12:50:28,691 - INFO - func:_execute_create_operations_users - Creation of 53 users...
2025-12-07 12:50:34,626 - INFO - func:update_user - Progetto aggiornato con successo: Roberto Colaiocco (ID: 66)
2025-12-07 12:50:35,651 - INFO - func:update_user - Progetto aggiornato con successo: Toader Derevlean (ID: 67)
2025-12-07 12:50:36,841 - INFO - func:update_user - Progetto aggiornato con successo: Maurizio Meloni (ID: 68)
2025-12-07 12:50:39,033 - INFO - func:update_user - Progetto aggiornato con successo: Giuliano Meani (ID: 69)
2025-12-07 12:50:39,974 - INFO - func:update_user - Progetto aggiornato con successo: Adrian Pomohaci (ID: 70)
2025-12-07 12:50:40,745 - INFO - func:update_user - Progetto aggiornato con successo: Marco Cavaglià (ID: 71)
2025-12-07 12:50:41,493 - INFO - func:update_user - Progetto aggiornato con successo: Stefano Bauducco (ID: 72)
2025-12-07 12:50:42,097 - INFO - func:update_user - Progetto aggiornato con successo: Simone Barra (ID: 73)
2025-12-07 12:50:42,792 - INFO - func:update_user - Progetto aggiornato con successo: Gerardo Pinnelli (ID: 74)
2025-12-07 12:50:43,417 - INFO - func:update_user - Progetto aggiornato con successo: Khalid Benzari (ID: 75)
2025-12-07 12:50:43,960 - INFO - func:update_user - Progetto aggiornato con successo: Carlo Alberto Musso (ID: 76)
2025-12-07 12:50:44,543 - INFO - func:update_user - Progetto aggiornato con successo: Ciprian Popa (ID: 77)
2025-12-07 12:50:45,107 - INFO - func:update_user - Progetto aggiornato con successo: Enrico Schellino (ID: 78)
2025-12-07 12:50:45,636 - INFO - func:update_user - Progetto aggiornato con successo: Antonio Tommasini (ID: 79)
2025-12-07 12:50:46,252 - INFO - func:update_user - Progetto aggiornato con successo: Carmelo Soroberto (ID: 80)
2025-12-07 12:50:46,961 - INFO - func:update_user - Progetto aggiornato con successo: Giovanni Trullu (ID: 81)
2025-12-07 12:50:47,948 - INFO - func:update_user - Progetto aggiornato con successo: Mattia Schiano (ID: 82)
2025-12-07 12:50:49,303 - INFO - func:update_user - Progetto aggiornato con successo: Zhekov Zheko (ID: 83)
2025-12-07 12:50:50,384 - INFO - func:update_user - Progetto aggiornato con successo: Marco Righetti (ID: 84)
2025-12-07 12:50:51,450 - INFO - func:update_user - Progetto aggiornato con successo: Elena Lisa (ID: 85)
2025-12-07 12:50:52,588 - INFO - func:update_user - Progetto aggiornato con successo: Marzia Polignone (ID: 86)
2025-12-07 12:50:53,852 - INFO - func:update_user - Progetto aggiornato con successo: Alberto Girotti (ID: 87)
2025-12-07 12:50:54,807 - INFO - func:update_user - Progetto aggiornato con successo: Christian Flis (ID: 88)
2025-12-07 12:50:55,761 - INFO - func:update_user - Progetto aggiornato con successo: Nicola Limongi (ID: 89)
2025-12-07 12:50:56,581 - INFO - func:update_user - Progetto aggiornato con successo: Mattia Redaelli (ID: 90)
2025-12-07 12:50:57,237 - INFO - func:update_user - Progetto aggiornato con successo: Millko Cungu (ID: 91)
2025-12-07 12:50:58,074 - INFO - func:update_user - Progetto aggiornato con successo: Gheorghe Iantuc (ID: 92)
2025-12-07 12:50:58,920 - INFO - func:create_user - Utente creato con successo: Ignea.Rares.Valentin@mail_temporanea.it (ID: 93)
2025-12-07 12:50:59,753 - INFO - func:create_user - Utente creato con successo: imerese.andrea@tecnolift.it (ID: 94)
2025-12-07 12:51:08,915 - INFO - func:create_user - Utente creato con successo: Caggia.Daniele@mail_temporanea.it (ID: 95)
2025-12-07 12:51:09,852 - INFO - func:create_user - Utente creato con successo: Craciun.Gheorghe@mail_temporanea.it (ID: 96)
2025-12-07 12:51:10,996 - INFO - func:create_user - Utente creato con successo: bianchi.lorenzo@tecnolift.it (ID: 97)
2025-12-07 12:51:12,319 - INFO - func:create_user - Utente creato con successo: caretti.marco@tecnolift.it (ID: 98)
2025-12-07 12:51:13,021 - INFO - func:create_user - Utente creato con successo: stucchi.pasquale@tecnolift.it (ID: 99)
2025-12-07 12:51:13,867 - INFO - func:create_user - Utente creato con successo: segreteria@tecnolift.it (ID: 100)
2025-12-07 12:51:14,694 - INFO - func:create_user - Utente creato con successo: suhani.luca@tecnolift.it (ID: 101)
2025-12-07 12:51:19,340 - INFO - func:create_user - Utente creato con successo: bauducco.andrea@tecnolift.it (ID: 102)
2025-12-07 12:51:19,620 - INFO - func:create_user - Utente creato con successo: boscolo.mauro@tecnolift.it (ID: 103)
2025-12-07 12:51:19,877 - INFO - func:create_user - Utente creato con successo: calin.mihai@tecnolift.it (ID: 104)
2025-12-07 12:51:20,094 - INFO - func:create_user - Utente creato con successo: meletti.marco@tecnolift.it (ID: 105)
2025-12-07 12:51:20,319 - INFO - func:create_user - Utente creato con successo: perri.luca@tecnolift.it (ID: 106)
2025-12-07 12:51:20,525 - INFO - func:create_user - Utente creato con successo: Uberti.Paolo@mail_temporanea.it (ID: 107)
2025-12-07 12:51:20,772 - INFO - func:create_user - Utente creato con successo: Grott.Alessandro@mail_temporanea.it (ID: 108)
2025-12-07 12:51:20,969 - INFO - func:create_user - Utente creato con successo: Cantoni.Walther@mail_temporanea.it (ID: 109)
2025-12-07 12:51:21,199 - INFO - func:create_user - Utente creato con successo: Berton.Silvia@mail_temporanea.it (ID: 110)
2025-12-07 12:51:21,427 - INFO - func:create_user - Utente creato con successo: Chiantor.Stefano@mail_temporanea.it (ID: 111)
2025-12-07 12:51:21,620 - INFO - func:create_user - Utente creato con successo: Biolatti.Davide@mail_temporanea.it (ID: 112)
2025-12-07 12:51:21,834 - INFO - func:create_user - Utente creato con successo: Hoxha.Laert@mail_temporanea.it (ID: 113)
2025-12-07 12:51:22,026 - INFO - func:create_user - Utente creato con successo: musso.roberta@tecnolift.it (ID: 114)
2025-12-07 12:51:22,221 - INFO - func:create_user - Utente creato con successo: Kola.Marjo@mail_temporanea.it (ID: 115)
2025-12-07 12:51:22,476 - INFO - func:create_user - Utente creato con successo: bianchiascensori@outlook.it (ID: 116)
2025-12-07 12:51:22,705 - INFO - func:create_user - Utente creato con successo: Armando.Gjoshi@mail_temporanea.it (ID: 117)
2025-12-07 12:51:22,896 - INFO - func:create_user - Utente creato con successo: Simone.Marin@mail_temporanea.it (ID: 118)
2025-12-12 16:43:36,382 - INFO - func:setup_logging - Logging configurato - Livello: INFO, Console: True, File: /home/riccardo/syncer/logs/sync.log
2025-12-12 16:43:36,385 - INFO - func:main - === AVVIO SINCRONIZZAZIONE PROGETTI ===
2025-12-12 16:43:37,095 - INFO - func:extract_custom_fields_from_schema - Estratti 7 custom fields dallo schema
2025-12-12 16:43:37,326 - INFO - func:extract_custom_fields_from_schema - Estratti 1 custom fields dallo schema
2025-12-12 16:43:37,327 - INFO - func:load_custom_fields_to_cache - Custom fields aggiornati con 7 per progetto e 1 per utenti
2025-12-12 16:43:39,641 - INFO - func:run_full_sync - Extracting project entries from Gimi Database
2025-12-12 16:43:39,644 - INFO - func:load_query - Query SQL caricata da /home/riccardo/syncer/app/queries/mainQuery.sql
2025-12-12 16:43:44,586 - INFO - func:extract_Gimi_projects_entries - Estratti 1978 progetti dal database di Gimi
2025-12-12 16:43:44,591 - INFO - func:load_query - Query SQL caricata da /home/riccardo/syncer/app/queries/extractUsers.sql
2025-12-12 16:43:44,729 - INFO - func:extract_Gimi_manutentori_entries - Extracted 53 maintainers from Gimi database
2025-12-12 16:43:44,732 - INFO - func:_extract_cache_data - Extracting data from Cache database...
2025-12-12 16:43:44,784 - INFO - func:_extract_cache_data - Extracted 0 users from cache
2025-12-12 16:43:44,821 - INFO - func:_extract_cache_data - Extracted 77 projects from cache
2025-12-12 16:43:48,833 - INFO - func:_identify_sync_operation_users - Cache correctly updated
2025-12-12 16:43:58,168 - INFO - func:_execute_sync_operations_users - Executing 53 operations....
2025-12-12 16:44:07,361 - INFO - func:_execute_create_operations_users - Creation of 53 users...
2025-12-12 16:45:22,018 - INFO - func:update_user - Progetto aggiornato con successo: Roberto Colaiocco (ID: 66)
2025-12-12 16:45:26,782 - INFO - func:update_user - Progetto aggiornato con successo: Toader Derevlean (ID: 67)
2025-12-12 16:45:27,388 - INFO - func:update_user - Progetto aggiornato con successo: Maurizio Meloni (ID: 68)
2025-12-12 16:45:27,694 - INFO - func:update_user - Progetto aggiornato con successo: Giuliano Meani (ID: 69)
2025-12-12 16:45:27,950 - INFO - func:update_user - Progetto aggiornato con successo: Adrian Pomohaci (ID: 70)
2025-12-12 16:45:28,228 - INFO - func:update_user - Progetto aggiornato con successo: Marco Cavaglià (ID: 71)
2025-12-12 16:45:28,505 - INFO - func:update_user - Progetto aggiornato con successo: Stefano Bauducco (ID: 72)
2025-12-12 16:45:28,762 - INFO - func:update_user - Progetto aggiornato con successo: Simone Barra (ID: 73)
2025-12-12 16:45:29,032 - INFO - func:update_user - Progetto aggiornato con successo: Gerardo Pinnelli (ID: 74)
2025-12-12 16:45:29,305 - INFO - func:update_user - Progetto aggiornato con successo: Khalid Benzari (ID: 75)
2025-12-12 16:45:29,564 - INFO - func:update_user - Progetto aggiornato con successo: Carlo Alberto Musso (ID: 76)
2025-12-12 16:45:29,826 - INFO - func:update_user - Progetto aggiornato con successo: Ciprian Popa (ID: 77)
2025-12-12 16:45:30,098 - INFO - func:update_user - Progetto aggiornato con successo: Enrico Schellino (ID: 78)
2025-12-12 16:45:30,354 - INFO - func:update_user - Progetto aggiornato con successo: Antonio Tommasini (ID: 79)
2025-12-12 16:45:30,599 - INFO - func:update_user - Progetto aggiornato con successo: Carmelo Soroberto (ID: 80)
2025-12-12 16:45:30,787 - INFO - func:update_user - Progetto aggiornato con successo: Giovanni Trullu (ID: 81)
2025-12-12 16:45:31,024 - INFO - func:update_user - Progetto aggiornato con successo: Mattia Schiano (ID: 82)
2025-12-12 16:45:31,314 - INFO - func:update_user - Progetto aggiornato con successo: Zhekov Zheko (ID: 83)
2025-12-12 16:45:31,539 - INFO - func:update_user - Progetto aggiornato con successo: Marco Righetti (ID: 84)
2025-12-12 16:45:31,726 - INFO - func:update_user - Progetto aggiornato con successo: Elena Lisa (ID: 85)
2025-12-12 16:45:31,932 - INFO - func:update_user - Progetto aggiornato con successo: Marzia Polignone (ID: 86)
2025-12-12 16:45:32,127 - INFO - func:update_user - Progetto aggiornato con successo: Alberto Girotti (ID: 87)
2025-12-12 16:45:32,344 - INFO - func:update_user - Progetto aggiornato con successo: Christian Flis (ID: 88)
2025-12-12 16:45:32,539 - INFO - func:update_user - Progetto aggiornato con successo: Nicola Limongi (ID: 89)
2025-12-12 16:45:32,736 - INFO - func:update_user - Progetto aggiornato con successo: Mattia Redaelli (ID: 90)
2025-12-12 16:45:32,990 - INFO - func:update_user - Progetto aggiornato con successo: Millko Cungu (ID: 91)
2025-12-12 16:45:33,176 - INFO - func:update_user - Progetto aggiornato con successo: Gheorghe Iantuc (ID: 92)
2025-12-12 16:45:33,383 - INFO - func:update_user - Progetto aggiornato con successo: Rares Valentin Ignea (ID: 93)
2025-12-12 16:45:33,611 - INFO - func:update_user - Progetto aggiornato con successo: Andrea Imerese (ID: 94)
2025-12-12 16:45:33,811 - INFO - func:update_user - Progetto aggiornato con successo: Daniele Caggia (ID: 95)
2025-12-12 16:45:34,029 - INFO - func:update_user - Progetto aggiornato con successo: Gheorghe Craciun (ID: 96)
2025-12-12 16:45:34,234 - INFO - func:update_user - Progetto aggiornato con successo: Lorenzo Bianchi (ID: 97)
2025-12-12 16:45:34,424 - INFO - func:update_user - Progetto aggiornato con successo: Marco Caretti (ID: 98)
2025-12-12 16:45:34,637 - INFO - func:update_user - Progetto aggiornato con successo: Pasquale Stucchi (ID: 99)
2025-12-12 16:45:34,830 - INFO - func:update_user - Progetto aggiornato con successo: Sara Vallelunga (ID: 100)
2025-12-12 16:45:35,074 - INFO - func:update_user - Progetto aggiornato con successo: Luca Daniele Suhani (ID: 101)
2025-12-12 16:45:35,290 - INFO - func:update_user - Progetto aggiornato con successo: Andrea Bauducco (ID: 102)
2025-12-12 16:45:35,475 - INFO - func:update_user - Progetto aggiornato con successo: Mauro Boscolo (ID: 103)
2025-12-12 16:45:35,689 - INFO - func:update_user - Progetto aggiornato con successo: Mihai Ionut Calin (ID: 104)
2025-12-12 16:45:35,876 - INFO - func:update_user - Progetto aggiornato con successo: Marco Meletti (ID: 105)
2025-12-12 16:45:36,097 - INFO - func:update_user - Progetto aggiornato con successo: Luca Perri (ID: 106)
2025-12-12 16:45:36,294 - INFO - func:update_user - Progetto aggiornato con successo: Paolo Uberti (ID: 107)
2025-12-12 16:45:36,534 - INFO - func:update_user - Progetto aggiornato con successo: Alessandro Grott (ID: 108)
2025-12-12 16:45:36,725 - INFO - func:update_user - Progetto aggiornato con successo: Walther Cantoni (ID: 109)
2025-12-12 16:45:36,945 - INFO - func:update_user - Progetto aggiornato con successo: Silvia Berton (ID: 110)
2025-12-12 16:45:37,141 - INFO - func:update_user - Progetto aggiornato con successo: Stefano Chiantor (ID: 111)
2025-12-12 16:45:37,375 - INFO - func:update_user - Progetto aggiornato con successo: Davide Biolatti (ID: 112)
2025-12-12 16:45:37,602 - INFO - func:update_user - Progetto aggiornato con successo: Laert Hoxha (ID: 113)
2025-12-12 16:45:37,792 - INFO - func:update_user - Progetto aggiornato con successo: Roberta Musso (ID: 114)
2025-12-12 16:45:37,986 - INFO - func:update_user - Progetto aggiornato con successo: Marjo Kola (ID: 115)
2025-12-12 16:45:38,241 - INFO - func:update_user - Progetto aggiornato con successo: Andrea Bianchi (ID: 116)
2025-12-12 16:45:38,443 - INFO - func:update_user - Progetto aggiornato con successo: Gjoshi Armando (ID: 117)
2025-12-12 16:45:38,674 - INFO - func:update_user - Progetto aggiornato con successo: Marin Simone (ID: 118)
2025-12-12 16:46:34,850 - INFO - func:setup_logging - Logging configurato - Livello: INFO, Console: True, File: /home/riccardo/syncer/logs/sync.log
2025-12-12 16:46:34,852 - INFO - func:main - === AVVIO SINCRONIZZAZIONE PROGETTI ===
2025-12-12 16:46:34,946 - INFO - func:extract_custom_fields_from_schema - Estratti 7 custom fields dallo schema
2025-12-12 16:46:35,040 - INFO - func:extract_custom_fields_from_schema - Estratti 1 custom fields dallo schema
2025-12-12 16:46:35,040 - INFO - func:load_custom_fields_to_cache - Custom fields aggiornati con 7 per progetto e 1 per utenti
2025-12-12 16:46:35,506 - INFO - func:run_full_sync - Extracting project entries from Gimi Database
2025-12-12 16:46:35,507 - INFO - func:load_query - Query SQL caricata da /home/riccardo/syncer/app/queries/mainQuery.sql
2025-12-12 16:46:38,454 - INFO - func:extract_Gimi_projects_entries - Estratti 1978 progetti dal database di Gimi
2025-12-12 16:46:38,458 - INFO - func:load_query - Query SQL caricata da /home/riccardo/syncer/app/queries/extractUsers.sql
2025-12-12 16:46:38,595 - INFO - func:extract_Gimi_manutentori_entries - Extracted 53 maintainers from Gimi database
2025-12-12 16:46:38,597 - INFO - func:_extract_cache_data - Extracting data from Cache database...
2025-12-12 16:46:38,615 - INFO - func:_extract_cache_data - Extracted 0 users from cache
2025-12-12 16:46:38,636 - INFO - func:_extract_cache_data - Extracted 77 projects from cache
2025-12-12 16:46:41,961 - INFO - func:_identify_sync_operation_users - Cache correctly updated
2025-12-12 16:46:41,963 - INFO - func:_execute_sync_operations_users - Executing 53 operations....
2025-12-12 16:46:41,964 - INFO - func:_execute_create_operations_users - Creation of 53 users...
2025-12-12 16:46:42,188 - INFO - func:update_user - Progetto aggiornato con successo: Roberto Colaiocco (ID: 66)
2025-12-12 16:46:42,416 - INFO - func:update_user - Progetto aggiornato con successo: Toader Derevlean (ID: 67)
2025-12-12 16:46:42,632 - INFO - func:update_user - Progetto aggiornato con successo: Maurizio Meloni (ID: 68)
2025-12-12 16:46:42,885 - INFO - func:update_user - Progetto aggiornato con successo: Giuliano Meani (ID: 69)
2025-12-12 16:46:43,090 - INFO - func:update_user - Progetto aggiornato con successo: Adrian Pomohaci (ID: 70)
2025-12-12 16:46:43,269 - INFO - func:update_user - Progetto aggiornato con successo: Marco Cavaglià (ID: 71)
2025-12-12 16:46:43,483 - INFO - func:update_user - Progetto aggiornato con successo: Stefano Bauducco (ID: 72)
2025-12-12 16:46:43,688 - INFO - func:update_user - Progetto aggiornato con successo: Simone Barra (ID: 73)
2025-12-12 16:46:43,951 - INFO - func:update_user - Progetto aggiornato con successo: Gerardo Pinnelli (ID: 74)
2025-12-12 16:46:44,134 - INFO - func:update_user - Progetto aggiornato con successo: Khalid Benzari (ID: 75)
2025-12-12 16:46:44,314 - INFO - func:update_user - Progetto aggiornato con successo: Carlo Alberto Musso (ID: 76)
2025-12-12 16:46:44,511 - INFO - func:update_user - Progetto aggiornato con successo: Ciprian Popa (ID: 77)
2025-12-12 16:46:44,710 - INFO - func:update_user - Progetto aggiornato con successo: Enrico Schellino (ID: 78)
2025-12-12 16:46:44,897 - INFO - func:update_user - Progetto aggiornato con successo: Antonio Tommasini (ID: 79)
2025-12-12 16:46:45,101 - INFO - func:update_user - Progetto aggiornato con successo: Carmelo Soroberto (ID: 80)
2025-12-12 16:46:45,309 - INFO - func:update_user - Progetto aggiornato con successo: Giovanni Trullu (ID: 81)
2025-12-12 16:46:45,479 - INFO - func:update_user - Progetto aggiornato con successo: Mattia Schiano (ID: 82)
2025-12-12 16:46:45,684 - INFO - func:update_user - Progetto aggiornato con successo: Zhekov Zheko (ID: 83)
2025-12-12 16:46:45,886 - INFO - func:update_user - Progetto aggiornato con successo: Marco Righetti (ID: 84)
2025-12-12 16:46:46,083 - INFO - func:update_user - Progetto aggiornato con successo: Elena Lisa (ID: 85)
2025-12-12 16:46:46,278 - INFO - func:update_user - Progetto aggiornato con successo: Marzia Polignone (ID: 86)
2025-12-12 16:46:46,467 - INFO - func:update_user - Progetto aggiornato con successo: Alberto Girotti (ID: 87)
2025-12-12 16:46:46,685 - INFO - func:update_user - Progetto aggiornato con successo: Christian Flis (ID: 88)
2025-12-12 16:46:46,894 - INFO - func:update_user - Progetto aggiornato con successo: Nicola Limongi (ID: 89)
2025-12-12 16:46:47,080 - INFO - func:update_user - Progetto aggiornato con successo: Mattia Redaelli (ID: 90)
2025-12-12 16:46:47,272 - INFO - func:update_user - Progetto aggiornato con successo: Millko Cungu (ID: 91)
2025-12-12 16:46:47,483 - INFO - func:update_user - Progetto aggiornato con successo: Gheorghe Iantuc (ID: 92)
2025-12-12 16:46:47,699 - INFO - func:update_user - Progetto aggiornato con successo: Rares Valentin Ignea (ID: 93)
2025-12-12 16:46:47,880 - INFO - func:update_user - Progetto aggiornato con successo: Andrea Imerese (ID: 94)
2025-12-12 16:46:48,096 - INFO - func:update_user - Progetto aggiornato con successo: Daniele Caggia (ID: 95)
2025-12-12 16:46:48,265 - INFO - func:update_user - Progetto aggiornato con successo: Gheorghe Craciun (ID: 96)
2025-12-12 16:46:48,488 - INFO - func:update_user - Progetto aggiornato con successo: Lorenzo Bianchi (ID: 97)
2025-12-12 16:46:48,706 - INFO - func:update_user - Progetto aggiornato con successo: Marco Caretti (ID: 98)
2025-12-12 16:46:48,902 - INFO - func:update_user - Progetto aggiornato con successo: Pasquale Stucchi (ID: 99)
2025-12-12 16:46:49,110 - INFO - func:update_user - Progetto aggiornato con successo: Sara Vallelunga (ID: 100)
2025-12-12 16:46:49,337 - INFO - func:update_user - Progetto aggiornato con successo: Luca Daniele Suhani (ID: 101)
2025-12-12 16:46:49,587 - INFO - func:update_user - Progetto aggiornato con successo: Andrea Bauducco (ID: 102)
2025-12-12 16:46:49,783 - INFO - func:update_user - Progetto aggiornato con successo: Mauro Boscolo (ID: 103)
2025-12-12 16:46:49,976 - INFO - func:update_user - Progetto aggiornato con successo: Mihai Ionut Calin (ID: 104)
2025-12-12 16:46:50,212 - INFO - func:update_user - Progetto aggiornato con successo: Marco Meletti (ID: 105)
2025-12-12 16:46:50,397 - INFO - func:update_user - Progetto aggiornato con successo: Luca Perri (ID: 106)
2025-12-12 16:46:50,619 - INFO - func:update_user - Progetto aggiornato con successo: Paolo Uberti (ID: 107)
2025-12-12 16:46:50,807 - INFO - func:update_user - Progetto aggiornato con successo: Alessandro Grott (ID: 108)
2025-12-12 16:46:51,032 - INFO - func:update_user - Progetto aggiornato con successo: Walther Cantoni (ID: 109)
2025-12-12 16:46:51,217 - INFO - func:update_user - Progetto aggiornato con successo: Silvia Berton (ID: 110)
2025-12-12 16:46:51,428 - INFO - func:update_user - Progetto aggiornato con successo: Stefano Chiantor (ID: 111)
2025-12-12 16:46:51,618 - INFO - func:update_user - Progetto aggiornato con successo: Davide Biolatti (ID: 112)
2025-12-12 16:46:51,811 - INFO - func:update_user - Progetto aggiornato con successo: Laert Hoxha (ID: 113)
2025-12-12 16:46:52,073 - INFO - func:update_user - Progetto aggiornato con successo: Roberta Musso (ID: 114)
2025-12-12 16:46:52,263 - INFO - func:update_user - Progetto aggiornato con successo: Marjo Kola (ID: 115)
2025-12-12 16:46:52,506 - INFO - func:update_user - Progetto aggiornato con successo: Andrea Bianchi (ID: 116)
2025-12-12 16:46:52,706 - INFO - func:update_user - Progetto aggiornato con successo: Gjoshi Armando (ID: 117)
2025-12-12 16:46:52,929 - INFO - func:update_user - Progetto aggiornato con successo: Marin Simone (ID: 118)
2025-12-12 16:47:53,278 - ERROR - func:get_cache_connection - Errore connessione gestionale: syntax error at or near "created_at"
LINE 10:                 created_at,
                         ^

2025-12-12 16:48:12,711 - INFO - func:setup_logging - Logging configurato - Livello: INFO, Console: True, File: /home/riccardo/syncer/logs/sync.log
2025-12-12 16:48:12,711 - INFO - func:main - === AVVIO SINCRONIZZAZIONE PROGETTI ===
2025-12-12 16:48:12,798 - INFO - func:extract_custom_fields_from_schema - Estratti 7 custom fields dallo schema
2025-12-12 16:48:12,862 - INFO - func:extract_custom_fields_from_schema - Estratti 1 custom fields dallo schema
2025-12-12 16:48:12,863 - INFO - func:load_custom_fields_to_cache - Custom fields aggiornati con 7 per progetto e 1 per utenti
2025-12-12 16:48:13,237 - INFO - func:run_full_sync - Extracting project entries from Gimi Database
2025-12-12 16:48:13,237 - INFO - func:load_query - Query SQL caricata da /home/riccardo/syncer/app/queries/mainQuery.sql
2025-12-12 16:48:16,103 - INFO - func:extract_Gimi_projects_entries - Estratti 1978 progetti dal database di Gimi
2025-12-12 16:48:16,106 - INFO - func:load_query - Query SQL caricata da /home/riccardo/syncer/app/queries/extractUsers.sql
2025-12-12 16:48:16,512 - INFO - func:extract_Gimi_manutentori_entries - Extracted 53 maintainers from Gimi database
2025-12-12 16:48:16,514 - INFO - func:_extract_cache_data - Extracting data from Cache database...
2025-12-12 16:48:16,528 - INFO - func:_extract_cache_data - Extracted 0 users from cache
2025-12-12 16:48:16,546 - INFO - func:_extract_cache_data - Extracted 77 projects from cache
2025-12-12 16:48:17,530 - INFO - func:_identify_sync_operation_users - Cache correctly updated
2025-12-12 16:48:17,533 - INFO - func:_execute_sync_operations_users - Executing 53 operations....
2025-12-12 16:48:17,533 - INFO - func:_execute_create_operations_users - Creation of 53 users...
2025-12-12 16:48:17,846 - INFO - func:update_user - Progetto aggiornato con successo: Roberto Colaiocco (ID: 66)
2025-12-12 16:48:18,113 - INFO - func:update_user - Progetto aggiornato con successo: Toader Derevlean (ID: 67)
2025-12-12 16:48:18,345 - INFO - func:update_user - Progetto aggiornato con successo: Maurizio Meloni (ID: 68)
2025-12-12 16:48:18,683 - INFO - func:update_user - Progetto aggiornato con successo: Giuliano Meani (ID: 69)
2025-12-12 16:48:18,980 - INFO - func:update_user - Progetto aggiornato con successo: Adrian Pomohaci (ID: 70)
2025-12-12 16:48:19,218 - INFO - func:update_user - Progetto aggiornato con successo: Marco Cavaglià (ID: 71)
2025-12-12 16:48:19,510 - INFO - func:update_user - Progetto aggiornato con successo: Stefano Bauducco (ID: 72)
2025-12-12 16:48:19,782 - INFO - func:update_user - Progetto aggiornato con successo: Simone Barra (ID: 73)
2025-12-12 16:48:19,991 - INFO - func:update_user - Progetto aggiornato con successo: Gerardo Pinnelli (ID: 74)
2025-12-12 16:48:20,226 - INFO - func:update_user - Progetto aggiornato con successo: Khalid Benzari (ID: 75)
2025-12-12 16:48:20,478 - INFO - func:update_user - Progetto aggiornato con successo: Carlo Alberto Musso (ID: 76)
2025-12-12 16:48:20,717 - INFO - func:update_user - Progetto aggiornato con successo: Ciprian Popa (ID: 77)
2025-12-12 16:48:20,951 - INFO - func:update_user - Progetto aggiornato con successo: Enrico Schellino (ID: 78)
2025-12-12 16:48:21,131 - INFO - func:update_user - Progetto aggiornato con successo: Antonio Tommasini (ID: 79)
2025-12-12 16:48:21,358 - INFO - func:update_user - Progetto aggiornato con successo: Carmelo Soroberto (ID: 80)
2025-12-12 16:48:21,550 - INFO - func:update_user - Progetto aggiornato con successo: Giovanni Trullu (ID: 81)
2025-12-12 16:48:21,755 - INFO - func:update_user - Progetto aggiornato con successo: Mattia Schiano (ID: 82)
2025-12-12 16:48:21,953 - INFO - func:update_user - Progetto aggiornato con successo: Zhekov Zheko (ID: 83)
2025-12-12 16:48:22,170 - INFO - func:update_user - Progetto aggiornato con successo: Marco Righetti (ID: 84)
2025-12-12 16:48:22,376 - INFO - func:update_user - Progetto aggiornato con successo: Elena Lisa (ID: 85)
2025-12-12 16:48:22,610 - INFO - func:update_user - Progetto aggiornato con successo: Marzia Polignone (ID: 86)
2025-12-12 16:48:22,847 - INFO - func:update_user - Progetto aggiornato con successo: Alberto Girotti (ID: 87)
2025-12-12 16:48:23,027 - INFO - func:update_user - Progetto aggiornato con successo: Christian Flis (ID: 88)
2025-12-12 16:48:23,210 - INFO - func:update_user - Progetto aggiornato con successo: Nicola Limongi (ID: 89)
2025-12-12 16:48:23,415 - INFO - func:update_user - Progetto aggiornato con successo: Mattia Redaelli (ID: 90)
2025-12-12 16:48:23,660 - INFO - func:update_user - Progetto aggiornato con successo: Millko Cungu (ID: 91)
2025-12-12 16:48:24,037 - INFO - func:update_user - Progetto aggiornato con successo: Gheorghe Iantuc (ID: 92)
2025-12-12 16:48:24,368 - INFO - func:update_user - Progetto aggiornato con successo: Rares Valentin Ignea (ID: 93)
2025-12-12 16:48:24,595 - INFO - func:update_user - Progetto aggiornato con successo: Andrea Imerese (ID: 94)
2025-12-12 16:48:24,824 - INFO - func:update_user - Progetto aggiornato con successo: Daniele Caggia (ID: 95)
2025-12-12 16:48:25,119 - INFO - func:update_user - Progetto aggiornato con successo: Gheorghe Craciun (ID: 96)
2025-12-12 16:48:25,309 - INFO - func:update_user - Progetto aggiornato con successo: Lorenzo Bianchi (ID: 97)
2025-12-12 16:48:25,487 - INFO - func:update_user - Progetto aggiornato con successo: Marco Caretti (ID: 98)
2025-12-12 16:48:25,734 - INFO - func:update_user - Progetto aggiornato con successo: Pasquale Stucchi (ID: 99)
2025-12-12 16:48:26,008 - INFO - func:update_user - Progetto aggiornato con successo: Sara Vallelunga (ID: 100)
2025-12-12 16:48:26,266 - INFO - func:update_user - Progetto aggiornato con successo: Luca Daniele Suhani (ID: 101)
2025-12-12 16:48:26,504 - INFO - func:update_user - Progetto aggiornato con successo: Andrea Bauducco (ID: 102)
2025-12-12 16:48:26,754 - INFO - func:update_user - Progetto aggiornato con successo: Mauro Boscolo (ID: 103)
2025-12-12 16:48:27,005 - INFO - func:update_user - Progetto aggiornato con successo: Mihai Ionut Calin (ID: 104)
2025-12-12 16:48:27,220 - INFO - func:update_user - Progetto aggiornato con successo: Marco Meletti (ID: 105)
2025-12-12 16:48:27,454 - INFO - func:update_user - Progetto aggiornato con successo: Luca Perri (ID: 106)
2025-12-12 16:48:27,692 - INFO - func:update_user - Progetto aggiornato con successo: Paolo Uberti (ID: 107)
2025-12-12 16:48:27,919 - INFO - func:update_user - Progetto aggiornato con successo: Alessandro Grott (ID: 108)
2025-12-12 16:48:28,149 - INFO - func:update_user - Progetto aggiornato con successo: Walther Cantoni (ID: 109)
2025-12-12 16:48:28,424 - INFO - func:update_user - Progetto aggiornato con successo: Silvia Berton (ID: 110)
2025-12-12 16:48:28,691 - INFO - func:update_user - Progetto aggiornato con successo: Stefano Chiantor (ID: 111)
2025-12-12 16:48:28,987 - INFO - func:update_user - Progetto aggiornato con successo: Davide Biolatti (ID: 112)
2025-12-12 16:48:29,234 - INFO - func:update_user - Progetto aggiornato con successo: Laert Hoxha (ID: 113)
2025-12-12 16:48:29,516 - INFO - func:update_user - Progetto aggiornato con successo: Roberta Musso (ID: 114)
2025-12-12 16:48:29,843 - INFO - func:update_user - Progetto aggiornato con successo: Marjo Kola (ID: 115)
2025-12-12 16:48:30,056 - INFO - func:update_user - Progetto aggiornato con successo: Andrea Bianchi (ID: 116)
2025-12-12 16:48:30,332 - INFO - func:update_user - Progetto aggiornato con successo: Gjoshi Armando (ID: 117)
2025-12-12 16:48:30,542 - INFO - func:update_user - Progetto aggiornato con successo: Marin Simone (ID: 118)
2025-12-12 16:48:39,063 - ERROR - func:get_cache_connection - Errore connessione gestionale: invalid input syntax for type timestamp: "colaiocco.roberto@tecnolift.it"
LINE 12: ...:17.526919'::timestamp,'2025-12-07T11:30:31.258Z','colaiocco...
                                                              ^

2025-12-12 16:48:47,590 - ERROR - func:main - Fatal error: Connessione gestionale fallita: invalid input syntax for type timestamp: "colaiocco.roberto@tecnolift.it"
LINE 12: ...:17.526919'::timestamp,'2025-12-07T11:30:31.258Z','colaiocco...
                                                              ^
Traceback (most recent call last):
  File "/home/riccardo/syncer/app/servicies/cacheDatabase.py", line 35, in get_cache_connection
    yield conn
  File "/home/riccardo/syncer/app/servicies/cacheDatabase.py", line 421, in update_cache_db_for_users
    execute_values(cursor, query, values)
  File "/home/riccardo/syncer/venv/lib/python3.10/site-packages/psycopg2/extras.py", line 1299, in execute_values
    cur.execute(b''.join(parts))
psycopg2.errors.InvalidDatetimeFormat: invalid input syntax for type timestamp: "colaiocco.roberto@tecnolift.it"
LINE 12: ...:17.526919'::timestamp,'2025-12-07T11:30:31.258Z','colaiocco...
                                                              ^


During handling of the above exception, another exception occurred:

Traceback (most recent call last):
  File "/home/riccardo/syncer/main.py", line 28, in main
    syncer.run_full_sync()
  File "/home/riccardo/syncer/app/servicies/sync.py", line 62, in run_full_sync
    self.cache_service.update_cache_db_for_users(self.cached_users)
  File "/home/riccardo/syncer/app/servicies/cacheDatabase.py", line 418, in update_cache_db_for_users
    with self.get_cache_connection() as conn:
  File "/usr/lib/python3.10/contextlib.py", line 153, in __exit__
    self.gen.throw(typ, value, traceback)
  File "/home/riccardo/syncer/app/servicies/cacheDatabase.py", line 38, in get_cache_connection
    raise Exception(f"Connessione gestionale fallita: {e}")
Exception: Connessione gestionale fallita: invalid input syntax for type timestamp: "colaiocco.roberto@tecnolift.it"
LINE 12: ...:17.526919'::timestamp,'2025-12-07T11:30:31.258Z','colaiocco...
                                                              ^

2025-12-12 16:52:05,921 - INFO - func:setup_logging - Logging configurato - Livello: INFO, Console: True, File: /home/riccardo/syncer/logs/sync.log
2025-12-12 16:52:05,922 - INFO - func:main - === AVVIO SINCRONIZZAZIONE PROGETTI ===
2025-12-12 16:52:06,106 - INFO - func:extract_custom_fields_from_schema - Estratti 7 custom fields dallo schema
2025-12-12 16:52:06,149 - INFO - func:extract_custom_fields_from_schema - Estratti 1 custom fields dallo schema
2025-12-12 16:52:06,149 - INFO - func:load_custom_fields_to_cache - Custom fields aggiornati con 7 per progetto e 1 per utenti
2025-12-12 16:52:06,509 - INFO - func:run_full_sync - Extracting project entries from Gimi Database
2025-12-12 16:52:06,509 - INFO - func:load_query - Query SQL caricata da /home/riccardo/syncer/app/queries/mainQuery.sql
2025-12-12 16:52:09,054 - INFO - func:extract_Gimi_projects_entries - Estratti 1978 progetti dal database di Gimi
2025-12-12 16:52:09,057 - INFO - func:load_query - Query SQL caricata da /home/riccardo/syncer/app/queries/extractUsers.sql
2025-12-12 16:52:09,400 - INFO - func:extract_Gimi_manutentori_entries - Extracted 53 maintainers from Gimi database
2025-12-12 16:52:09,402 - INFO - func:_extract_cache_data - Extracting data from Cache database...
2025-12-12 16:52:09,417 - INFO - func:_extract_cache_data - Extracted 0 users from cache
2025-12-12 16:52:09,437 - INFO - func:_extract_cache_data - Extracted 77 projects from cache
2025-12-12 16:52:09,441 - INFO - func:_identify_sync_operation_users - Cache correctly updated
2025-12-12 16:52:09,442 - INFO - func:_execute_sync_operations_users - Executing 53 operations....
2025-12-12 16:52:09,442 - INFO - func:_execute_create_operations_users - Creation of 53 users...
2025-12-12 16:52:09,679 - INFO - func:update_user - Progetto aggiornato con successo: Roberto Colaiocco (ID: 66)
2025-12-12 16:52:09,884 - INFO - func:update_user - Progetto aggiornato con successo: Toader Derevlean (ID: 67)
2025-12-12 16:52:10,087 - INFO - func:update_user - Progetto aggiornato con successo: Maurizio Meloni (ID: 68)
2025-12-12 16:52:10,277 - INFO - func:update_user - Progetto aggiornato con successo: Giuliano Meani (ID: 69)
2025-12-12 16:52:10,496 - INFO - func:update_user - Progetto aggiornato con successo: Adrian Pomohaci (ID: 70)
2025-12-12 16:52:10,678 - INFO - func:update_user - Progetto aggiornato con successo: Marco Cavaglià (ID: 71)
2025-12-12 16:52:10,896 - INFO - func:update_user - Progetto aggiornato con successo: Stefano Bauducco (ID: 72)
2025-12-12 16:52:11,100 - INFO - func:update_user - Progetto aggiornato con successo: Simone Barra (ID: 73)
2025-12-12 16:52:11,310 - INFO - func:update_user - Progetto aggiornato con successo: Gerardo Pinnelli (ID: 74)
2025-12-12 16:52:11,483 - INFO - func:update_user - Progetto aggiornato con successo: Khalid Benzari (ID: 75)
2025-12-12 16:52:11,688 - INFO - func:update_user - Progetto aggiornato con successo: Carlo Alberto Musso (ID: 76)
2025-12-12 16:52:11,916 - INFO - func:update_user - Progetto aggiornato con successo: Ciprian Popa (ID: 77)
2025-12-12 16:52:12,126 - INFO - func:update_user - Progetto aggiornato con successo: Enrico Schellino (ID: 78)
2025-12-12 16:52:12,303 - INFO - func:update_user - Progetto aggiornato con successo: Antonio Tommasini (ID: 79)
2025-12-12 16:52:12,493 - INFO - func:update_user - Progetto aggiornato con successo: Carmelo Soroberto (ID: 80)
2025-12-12 16:52:12,712 - INFO - func:update_user - Progetto aggiornato con successo: Giovanni Trullu (ID: 81)
2025-12-12 16:52:12,928 - INFO - func:update_user - Progetto aggiornato con successo: Mattia Schiano (ID: 82)
2025-12-12 16:52:13,124 - INFO - func:update_user - Progetto aggiornato con successo: Zhekov Zheko (ID: 83)
2025-12-12 16:52:13,311 - INFO - func:update_user - Progetto aggiornato con successo: Marco Righetti (ID: 84)
2025-12-12 16:52:13,544 - INFO - func:update_user - Progetto aggiornato con successo: Elena Lisa (ID: 85)
2025-12-12 16:52:13,754 - INFO - func:update_user - Progetto aggiornato con successo: Marzia Polignone (ID: 86)
2025-12-12 16:52:13,967 - INFO - func:update_user - Progetto aggiornato con successo: Alberto Girotti (ID: 87)
2025-12-12 16:52:14,183 - INFO - func:update_user - Progetto aggiornato con successo: Christian Flis (ID: 88)
2025-12-12 16:52:14,378 - INFO - func:update_user - Progetto aggiornato con successo: Nicola Limongi (ID: 89)
2025-12-12 16:52:14,586 - INFO - func:update_user - Progetto aggiornato con successo: Mattia Redaelli (ID: 90)
2025-12-12 16:52:14,812 - INFO - func:update_user - Progetto aggiornato con successo: Millko Cungu (ID: 91)
2025-12-12 16:52:15,016 - INFO - func:update_user - Progetto aggiornato con successo: Gheorghe Iantuc (ID: 92)
2025-12-12 16:52:15,208 - INFO - func:update_user - Progetto aggiornato con successo: Rares Valentin Ignea (ID: 93)
2025-12-12 16:52:15,432 - INFO - func:update_user - Progetto aggiornato con successo: Andrea Imerese (ID: 94)
2025-12-12 16:52:15,668 - INFO - func:update_user - Progetto aggiornato con successo: Daniele Caggia (ID: 95)
2025-12-12 16:52:15,847 - INFO - func:update_user - Progetto aggiornato con successo: Gheorghe Craciun (ID: 96)
2025-12-12 16:52:16,042 - INFO - func:update_user - Progetto aggiornato con successo: Lorenzo Bianchi (ID: 97)
2025-12-12 16:52:16,294 - INFO - func:update_user - Progetto aggiornato con successo: Marco Caretti (ID: 98)
2025-12-12 16:52:16,497 - INFO - func:update_user - Progetto aggiornato con successo: Pasquale Stucchi (ID: 99)
2025-12-12 16:52:16,728 - INFO - func:update_user - Progetto aggiornato con successo: Sara Vallelunga (ID: 100)
2025-12-12 16:52:16,939 - INFO - func:update_user - Progetto aggiornato con successo: Luca Daniele Suhani (ID: 101)
2025-12-12 16:52:17,135 - INFO - func:update_user - Progetto aggiornato con successo: Andrea Bauducco (ID: 102)
2025-12-12 16:52:17,316 - INFO - func:update_user - Progetto aggiornato con successo: Mauro Boscolo (ID: 103)
2025-12-12 16:52:17,566 - INFO - func:update_user - Progetto aggiornato con successo: Mihai Ionut Calin (ID: 104)
2025-12-12 16:52:17,756 - INFO - func:update_user - Progetto aggiornato con successo: Marco Meletti (ID: 105)
2025-12-12 16:52:17,958 - INFO - func:update_user - Progetto aggiornato con successo: Luca Perri (ID: 106)
2025-12-12 16:52:18,167 - INFO - func:update_user - Progetto aggiornato con successo: Paolo Uberti (ID: 107)
2025-12-12 16:52:18,395 - INFO - func:update_user - Progetto aggiornato con successo: Alessandro Grott (ID: 108)
2025-12-12 16:52:18,579 - INFO - func:update_user - Progetto aggiornato con successo: Walther Cantoni (ID: 109)
2025-12-12 16:52:18,764 - INFO - func:update_user - Progetto aggiornato con successo: Silvia Berton (ID: 110)
2025-12-12 16:52:18,966 - INFO - func:update_user - Progetto aggiornato con successo: Stefano Chiantor (ID: 111)
2025-12-12 16:52:19,176 - INFO - func:update_user - Progetto aggiornato con successo: Davide Biolatti (ID: 112)
2025-12-12 16:52:19,369 - INFO - func:update_user - Progetto aggiornato con successo: Laert Hoxha (ID: 113)
2025-12-12 16:52:19,598 - INFO - func:update_user - Progetto aggiornato con successo: Roberta Musso (ID: 114)
2025-12-12 16:52:19,774 - INFO - func:update_user - Progetto aggiornato con successo: Marjo Kola (ID: 115)
2025-12-12 16:52:20,035 - INFO - func:update_user - Progetto aggiornato con successo: Andrea Bianchi (ID: 116)
2025-12-12 16:52:20,260 - INFO - func:update_user - Progetto aggiornato con successo: Gjoshi Armando (ID: 117)
2025-12-12 16:52:20,456 - INFO - func:update_user - Progetto aggiornato con successo: Marin Simone (ID: 118)
2025-12-12 16:52:37,236 - INFO - func:update_cache_db_for_users - ✓ Updated 53 users in cache db
2025-12-12 17:08:02,920 - INFO - func:setup_logging - Logging configurato - Livello: INFO, Console: True, File: /home/riccardo/syncer/logs/sync.log
2025-12-12 17:08:02,923 - INFO - func:main - === AVVIO SINCRONIZZAZIONE PROGETTI ===
2025-12-12 17:08:03,086 - INFO - func:extract_custom_fields_from_schema - Estratti 7 custom fields dallo schema
2025-12-12 17:08:03,159 - INFO - func:extract_custom_fields_from_schema - Estratti 1 custom fields dallo schema
2025-12-12 17:08:03,160 - INFO - func:load_custom_fields_to_cache - Custom fields aggiornati con 7 per progetto e 1 per utenti
2025-12-12 17:08:03,482 - INFO - func:run_full_sync - Extracting project entries from Gimi Database
2025-12-12 17:08:07,010 - INFO - func:load_query - Query SQL caricata da /home/riccardo/syncer/app/queries/mainQuery.sql
2025-12-12 17:08:09,741 - INFO - func:extract_Gimi_projects_entries - Estratti 1978 progetti dal database di Gimi
2025-12-12 17:08:11,356 - INFO - func:load_query - Query SQL caricata da /home/riccardo/syncer/app/queries/extractUsers.sql
2025-12-12 17:08:11,520 - INFO - func:extract_Gimi_manutentori_entries - Extracted 53 maintainers from Gimi database
2025-12-12 17:08:25,890 - INFO - func:_extract_cache_data - Extracting data from Cache database...
2025-12-12 17:08:25,921 - INFO - func:_extract_cache_data - Extracted 53 users from cache
2025-12-12 17:08:25,940 - INFO - func:_extract_cache_data - Extracted 77 projects from cache
2025-12-12 17:14:12,121 - INFO - func:setup_logging - Logging configurato - Livello: INFO, Console: True, File: /home/riccardo/syncer/logs/sync.log
2025-12-12 17:14:12,121 - INFO - func:main - === AVVIO SINCRONIZZAZIONE PROGETTI ===
2025-12-12 17:14:12,339 - INFO - func:extract_custom_fields_from_schema - Estratti 7 custom fields dallo schema
2025-12-12 17:14:12,464 - INFO - func:extract_custom_fields_from_schema - Estratti 1 custom fields dallo schema
2025-12-12 17:14:12,465 - INFO - func:load_custom_fields_to_cache - Custom fields aggiornati con 7 per progetto e 1 per utenti
2025-12-12 17:14:12,852 - INFO - func:run_full_sync - Extracting project entries from Gimi Database
2025-12-12 17:14:21,863 - INFO - func:load_query - Query SQL caricata da /home/riccardo/syncer/app/queries/mainQuery.sql
2025-12-12 17:14:38,778 - INFO - func:extract_Gimi_projects_entries - Estratti 1978 progetti dal database di Gimi
2025-12-12 17:14:41,806 - INFO - func:load_query - Query SQL caricata da /home/riccardo/syncer/app/queries/extractUsers.sql
2025-12-12 17:14:42,690 - INFO - func:extract_Gimi_manutentori_entries - Extracted 53 maintainers from Gimi database
2025-12-12 17:14:45,237 - INFO - func:_extract_cache_data - Extracting data from Cache database...
2025-12-12 17:14:45,268 - INFO - func:_extract_cache_data - Extracted 53 users from cache
2025-12-12 17:14:45,293 - INFO - func:_extract_cache_data - Extracted 77 projects from cache
2025-12-12 17:17:25,129 - ERROR - func:_identify_sync_operation_users - Error while handling user 51: local variable 'new_cache_user' referenced before assignment
2025-12-12 17:23:28,984 - INFO - func:setup_logging - Logging configurato - Livello: INFO, Console: True, File: /home/riccardo/syncer/logs/sync.log
2025-12-12 17:23:28,985 - INFO - func:main - === AVVIO SINCRONIZZAZIONE PROGETTI ===
2025-12-12 17:23:29,143 - INFO - func:extract_custom_fields_from_schema - Estratti 7 custom fields dallo schema
2025-12-12 17:23:29,211 - INFO - func:extract_custom_fields_from_schema - Estratti 1 custom fields dallo schema
2025-12-12 17:23:29,213 - INFO - func:load_custom_fields_to_cache - Custom fields aggiornati con 7 per progetto e 1 per utenti
2025-12-12 17:23:29,507 - INFO - func:run_full_sync - Extracting project entries from Gimi Database
2025-12-12 17:23:33,165 - INFO - func:load_query - Query SQL caricata da /home/riccardo/syncer/app/queries/mainQuery.sql
2025-12-12 17:23:36,317 - INFO - func:extract_Gimi_projects_entries - Estratti 1978 progetti dal database di Gimi
2025-12-12 17:23:36,320 - INFO - func:load_query - Query SQL caricata da /home/riccardo/syncer/app/queries/extractUsers.sql
2025-12-12 17:23:36,431 - INFO - func:extract_Gimi_manutentori_entries - Extracted 53 maintainers from Gimi database
2025-12-12 17:23:36,434 - INFO - func:_extract_cache_data - Extracting data from Cache database...
2025-12-12 17:23:36,454 - INFO - func:_extract_cache_data - Extracted 53 users from cache
2025-12-12 17:23:36,480 - INFO - func:_extract_cache_data - Extracted 77 projects from cache
2025-12-12 17:24:32,411 - INFO - func:_identify_sync_operation_users - Cache correctly updated
2025-12-12 17:24:35,532 - INFO - func:_execute_sync_operations_users - Executing 1 operations....
2025-12-12 17:24:43,616 - INFO - func:_execute_update_operations_users - Update of 1 users...
2025-12-12 17:25:00,276 - INFO - func:update_user - Progetto aggiornato con successo: Ciprian Popa (ID: 77)
2025-12-12 17:25:43,580 - INFO - func:update_cache_db_for_users - ✓ Updated 53 users in cache db
2025-12-12 17:38:38,449 - INFO - func:setup_logging - Logging configurato - Livello: INFO, Console: True, File: /home/riccardo/syncer/logs/sync.log
2025-12-12 17:38:38,453 - INFO - func:main - === AVVIO SINCRONIZZAZIONE PROGETTI ===
2025-12-12 17:38:38,584 - INFO - func:extract_custom_fields_from_schema - Estratti 7 custom fields dallo schema
2025-12-12 17:38:38,635 - INFO - func:extract_custom_fields_from_schema - Estratti 1 custom fields dallo schema
2025-12-12 17:38:38,636 - INFO - func:load_custom_fields_to_cache - Custom fields aggiornati con 7 per progetto e 1 per utenti
2025-12-12 17:38:39,774 - INFO - func:load_query - Query SQL caricata da /home/riccardo/syncer/app/queries/extractUsers.sql
2025-12-12 17:38:40,613 - INFO - func:extract_Gimi_manutentori_entries - Extracted 53 maintainers from Gimi database
2025-12-12 17:38:40,629 - INFO - func:run_user_sync - Extracted 53 users from cache
2025-12-12 17:38:40,630 - INFO - func:_identify_sync_operation_users - Cache correctly updated
2025-12-12 17:38:40,630 - INFO - func:_execute_sync_operations_users - Executing 0 operations....
2025-12-12 17:38:40,659 - INFO - func:update_cache_db_for_users - ✓ Updated 53 users in cache db
2025-12-12 17:38:40,660 - INFO - func:run_project_sync - Extracting project entries from Gimi Database
2025-12-12 17:38:40,661 - INFO - func:load_query - Query SQL caricata da /home/riccardo/syncer/app/queries/mainQuery.sql
2025-12-12 17:40:45,342 - ERROR - func:main - Fatal error: <class 'pyodbc.Error'> returned a result with an exception set
Traceback (most recent call last):
  File "/usr/lib/python3.10/encodings/utf_16_le.py", line 15, in decode
    def decode(input, errors='strict'):
KeyboardInterrupt

The above exception was the direct cause of the following exception:

KeyboardInterrupt: decoding with 'utf-16le' codec failed (KeyboardInterrupt: )

The above exception was the direct cause of the following exception:

Traceback (most recent call last):
  File "/home/riccardo/syncer/main.py", line 28, in main
    syncer.run_full_sync()
  File "/home/riccardo/syncer/app/servicies/sync.py", line 51, in run_full_sync
    self.run_project_sync()
  File "/home/riccardo/syncer/app/servicies/sync.py", line 58, in run_project_sync
    gestionale_project = self.gestionale_service.extract_Gimi_projects_entries()
  File "/home/riccardo/syncer/app/servicies/gestionaleGimi.py", line 88, in extract_Gimi_projects_entries
    with self.get_gestionale_connection() as conn:
SystemError: <class 'pyodbc.Error'> returned a result with an exception set
2025-12-12 17:45:02,480 - INFO - func:setup_logging - Logging configurato - Livello: INFO, Console: True, File: /home/riccardo/syncer/logs/sync.log
2025-12-12 17:45:02,482 - INFO - func:main - === AVVIO SINCRONIZZAZIONE PROGETTI ===
2025-12-12 17:45:02,764 - INFO - func:extract_custom_fields_from_schema - Estratti 7 custom fields dallo schema
2025-12-12 17:45:02,897 - INFO - func:extract_custom_fields_from_schema - Estratti 1 custom fields dallo schema
2025-12-12 17:45:02,897 - INFO - func:load_custom_fields_to_cache - Custom fields aggiornati con 7 per progetto e 1 per utenti
2025-12-12 17:45:04,063 - INFO - func:load_query - Query SQL caricata da /home/riccardo/syncer/app/queries/extractUsers.sql
2025-12-12 17:45:04,064 - INFO - func:extract_Gimi_manutentori_entries - Executing query
2025-12-12 17:45:05,871 - INFO - func:extract_Gimi_manutentori_entries - Extracted 53 maintainers from Gimi database
2025-12-12 17:45:05,912 - INFO - func:run_user_sync - Extracted 53 users from cache
2025-12-12 17:45:05,919 - INFO - func:_identify_sync_operation_users - Cache correctly updated
2025-12-12 17:45:05,922 - INFO - func:_execute_sync_operations_users - Executing 0 operations....
2025-12-12 17:45:12,704 - INFO - func:update_cache_db_for_users - ✓ Updated 53 users in cache db
2025-12-12 17:45:12,705 - INFO - func:run_project_sync - Extracting project entries from Gimi Database
2025-12-12 17:45:12,707 - INFO - func:load_query - Query SQL caricata da /home/riccardo/syncer/app/queries/mainQuery.sql
2025-12-12 17:45:12,707 - INFO - func:extract_Gimi_projects_entries - Executing query
2025-12-12 18:01:59,829 - INFO - func:setup_logging - Logging configurato - Livello: INFO, Console: True, File: /home/riccardo/syncer/logs/sync.log
2025-12-12 18:01:59,831 - INFO - func:main - === AVVIO SINCRONIZZAZIONE PROGETTI ===
2025-12-12 18:02:00,033 - INFO - func:extract_custom_fields_from_schema - Estratti 7 custom fields dallo schema
2025-12-12 18:02:00,140 - INFO - func:extract_custom_fields_from_schema - Estratti 1 custom fields dallo schema
2025-12-12 18:02:00,140 - INFO - func:load_custom_fields_to_cache - Custom fields aggiornati con 7 per progetto e 1 per utenti
2025-12-12 18:02:00,336 - INFO - func:load_query - Query SQL caricata da /home/riccardo/syncer/app/queries/extractUsers.sql
2025-12-12 18:02:00,336 - INFO - func:extract_Gimi_manutentori_entries - Executing query
2025-12-12 18:02:00,442 - INFO - func:extract_Gimi_manutentori_entries - Extracted 53 maintainers from Gimi database
2025-12-12 18:02:00,462 - INFO - func:run_user_sync - Extracted 53 users from cache
2025-12-12 18:02:00,463 - INFO - func:_identify_sync_operation_users - Cache correctly updated
2025-12-12 18:02:00,464 - INFO - func:_execute_sync_operations_users - Executing 0 operations....
2025-12-12 18:02:00,495 - INFO - func:update_cache_db_for_users - ✓ Updated 53 users in cache db
2025-12-12 18:02:00,496 - INFO - func:run_project_sync - Extracting project entries from Gimi Database
2025-12-12 18:02:00,496 - INFO - func:load_query - Query SQL caricata da /home/riccardo/syncer/app/queries/mainQuery.sql
2025-12-12 18:02:00,496 - INFO - func:extract_Gimi_projects_entries - Executing query
2025-12-12 18:02:02,040 - INFO - func:extract_Gimi_projects_entries - Estratti 1978 progetti dal database di Gimi
2025-12-12 18:02:02,060 - INFO - func:run_project_sync - Extracted 77 projects from cache
2025-12-12 18:02:02,061 - INFO - func:_identify_sync_operation_project - Analizing the necessary sync operations
2025-12-12 18:02:02,091 - INFO - func:_identify_sync_operation_project - Cache correctly updated
2025-12-12 18:02:02,092 - INFO - func:_execute_sync_operations - Executing 0 operations....
2025-12-12 18:02:02,136 - INFO - func:update_cache_db - ✓ Updated 77 project in cache db
2025-12-12 18:05:17,824 - INFO - func:setup_logging - Logging configurato - Livello: INFO, Console: True, File: /home/riccardo/syncer/logs/sync.log
2025-12-12 18:05:17,825 - INFO - func:main - === AVVIO SINCRONIZZAZIONE PROGETTI ===
2025-12-12 18:06:53,960 - INFO - func:setup_logging - Logging configurato - Livello: INFO, Console: True, File: /home/riccardo/syncer/logs/sync.log
2025-12-12 18:06:53,960 - INFO - func:main - === AVVIO SINCRONIZZAZIONE PROGETTI ===
2025-12-12 18:06:58,377 - INFO - func:extract_custom_fields_from_schema - Estratti 7 custom fields dallo schema
2025-12-12 18:07:03,211 - INFO - func:extract_custom_fields_from_schema - Estratti 1 custom fields dallo schema
2025-12-12 18:07:03,212 - INFO - func:load_custom_fields_to_cache - Custom fields aggiornati con 7 per progetto e 1 per utenti
2025-12-12 18:07:04,007 - INFO - func:load_query - Query SQL caricata da /home/riccardo/syncer/app/queries/extractUsers.sql
2025-12-12 18:07:04,008 - INFO - func:extract_Gimi_manutentori_entries - Executing query
2025-12-12 18:07:04,391 - INFO - func:extract_Gimi_manutentori_entries - Extracted 53 maintainers from Gimi database
2025-12-12 18:07:04,479 - INFO - func:run_user_sync - Extracted 53 users from cache
2025-12-12 18:07:04,482 - INFO - func:_identify_sync_operation_users - Cache correctly updated
2025-12-12 18:07:04,483 - INFO - func:_execute_sync_operations_users - Executing 0 operations....
2025-12-12 18:07:04,579 - INFO - func:update_cache_db_for_users - ✓ Updated 53 users in cache db
2025-12-12 18:07:04,580 - INFO - func:run_project_sync - Extracting project entries from Gimi Database
2025-12-12 18:07:04,581 - INFO - func:load_query - Query SQL caricata da /home/riccardo/syncer/app/queries/mainQuery.sql
2025-12-12 18:07:04,582 - INFO - func:extract_Gimi_projects_entries - Executing query
2025-12-12 18:07:07,101 - INFO - func:extract_Gimi_projects_entries - Estratti 1978 progetti dal database di Gimi
2025-12-12 18:07:07,137 - INFO - func:run_project_sync - Extracted 0 projects from cache
2025-12-12 18:07:07,137 - INFO - func:_identify_sync_operation_project - Analizing the necessary sync operations
2025-12-12 18:07:07,154 - INFO - func:_identify_sync_operation_project - Cache correctly updated
2025-12-12 18:07:07,155 - INFO - func:_execute_sync_operations - Executing 77 operations....
2025-12-12 18:07:07,155 - INFO - func:_execute_create_operations - Creation of 77 projects...
2025-12-12 18:07:09,725 - INFO - func:create_project - Progetto creato con successo: R23/144 (ID: 734)
2025-12-12 18:07:20,655 - INFO - func:create_project - Progetto creato con successo: T25/100 (ID: 735)
2025-12-12 18:07:27,243 - INFO - func:create_project - Progetto creato con successo: T25/101 (ID: 736)
2025-12-12 18:07:33,609 - INFO - func:create_project - Progetto creato con successo: R25/236 (ID: 737)
2025-12-12 18:07:39,930 - INFO - func:create_project - Progetto creato con successo: R25/238 (ID: 738)
2025-12-12 18:07:44,852 - INFO - func:create_project - Progetto creato con successo: P19/115 (ID: 739)
2025-12-12 18:07:49,002 - INFO - func:create_project - Progetto creato con successo: N24/103 (ID: 740)
2025-12-12 18:07:53,974 - INFO - func:create_project - Progetto creato con successo: N24/105 (ID: 741)
2025-12-12 18:07:58,227 - INFO - func:create_project - Progetto creato con successo: R24/217 (ID: 742)
2025-12-12 18:08:03,150 - INFO - func:create_project - Progetto creato con successo: N25/100 (ID: 743)
2025-12-12 18:08:08,138 - INFO - func:create_project - Progetto creato con successo: N25/107 (ID: 744)
2025-12-12 18:08:13,203 - INFO - func:create_project - Progetto creato con successo: N25/107 (ID: 745)
2025-12-12 18:08:17,923 - INFO - func:create_project - Progetto creato con successo: N24/114 (ID: 746)
2025-12-12 18:08:23,307 - INFO - func:create_project - Progetto creato con successo: P23/111 (ID: 747)
2025-12-12 18:08:28,128 - INFO - func:create_project - Progetto creato con successo: P14/110 (ID: 748)
2025-12-12 18:08:33,296 - INFO - func:create_project - Progetto creato con successo: N24/117 (ID: 749)
2025-12-12 18:08:38,444 - INFO - func:create_project - Progetto creato con successo: N25/105 (ID: 750)
2025-12-12 18:08:43,161 - INFO - func:create_project - Progetto creato con successo: N25/102 (ID: 751)
2025-12-12 18:08:48,257 - INFO - func:create_project - Progetto creato con successo: N25/103 (ID: 752)
2025-12-12 18:08:52,863 - INFO - func:create_project - Progetto creato con successo: N25/104 (ID: 753)
2025-12-12 18:08:57,547 - INFO - func:create_project - Progetto creato con successo: N25/104 (ID: 754)
2025-12-12 18:09:02,396 - INFO - func:create_project - Progetto creato con successo: N25/104 (ID: 755)
2025-12-12 18:09:07,335 - INFO - func:create_project - Progetto creato con successo: R24/111 (ID: 756)
2025-12-12 18:09:12,206 - INFO - func:create_project - Progetto creato con successo: R25/232 (ID: 757)
2025-12-12 18:09:16,763 - INFO - func:create_project - Progetto creato con successo: R25/223 (ID: 758)
2025-12-12 18:09:21,605 - INFO - func:create_project - Progetto creato con successo: R25/224 (ID: 759)
2025-12-12 18:09:26,799 - INFO - func:create_project - Progetto creato con successo: R23/134 (ID: 760)
2025-12-12 18:09:31,791 - INFO - func:create_project - Progetto creato con successo: R24/205 (ID: 761)
2025-12-12 18:09:36,800 - INFO - func:create_project - Progetto creato con successo: P25/124 (ID: 762)
2025-12-12 18:09:42,040 - INFO - func:create_project - Progetto creato con successo: P24/124 (ID: 763)
2025-12-12 18:09:47,251 - INFO - func:create_project - Progetto creato con successo: N24/110 (ID: 764)
2025-12-12 18:09:52,191 - INFO - func:create_project - Progetto creato con successo: N24/110 (ID: 765)
2025-12-12 18:09:57,651 - INFO - func:create_project - Progetto creato con successo: N24/110 (ID: 766)
2025-12-12 18:10:02,749 - INFO - func:create_project - Progetto creato con successo: N24/109 (ID: 767)
2025-12-12 18:10:07,389 - INFO - func:create_project - Progetto creato con successo: R24/210 (ID: 768)
2025-12-12 18:10:12,240 - INFO - func:create_project - Progetto creato con successo: R25/206 (ID: 769)
2025-12-12 18:10:18,393 - INFO - func:create_project - Progetto creato con successo: R25/207 (ID: 770)
2025-12-12 18:10:23,730 - INFO - func:create_project - Progetto creato con successo: R25/204 (ID: 771)
2025-12-12 18:10:28,779 - INFO - func:create_project - Progetto creato con successo: R25/205 (ID: 772)
2025-12-12 18:10:33,131 - INFO - func:create_project - Progetto creato con successo: R24/136 (ID: 773)
2025-12-12 18:10:38,206 - INFO - func:create_project - Progetto creato con successo: R25/203 (ID: 774)
2025-12-12 18:10:43,125 - INFO - func:create_project - Progetto creato con successo: T24/102 (ID: 775)
2025-12-12 18:10:47,733 - INFO - func:create_project - Progetto creato con successo: T24/102 (ID: 776)
2025-12-12 18:10:52,323 - INFO - func:create_project - Progetto creato con successo: T24/102 (ID: 777)
2025-12-12 18:10:57,725 - INFO - func:create_project - Progetto creato con successo: N24/106 (ID: 778)
2025-12-12 18:11:02,862 - INFO - func:create_project - Progetto creato con successo: N24/115 (ID: 779)
2025-12-12 18:11:07,604 - INFO - func:create_project - Progetto creato con successo: P25/121 (ID: 780)
2025-12-12 18:11:13,024 - INFO - func:create_project - Progetto creato con successo: R25/231 (ID: 781)
2025-12-12 18:11:18,133 - INFO - func:create_project - Progetto creato con successo: R25/225 (ID: 782)
2025-12-12 18:11:23,027 - INFO - func:create_project - Progetto creato con successo: R25/235 (ID: 783)
2025-12-12 18:11:28,420 - INFO - func:create_project - Progetto creato con successo: P18/124 (ID: 784)
2025-12-12 18:11:33,124 - INFO - func:create_project - Progetto creato con successo: P25/118 (ID: 785)
2025-12-12 18:11:38,475 - INFO - func:create_project - Progetto creato con successo: R25/184 (ID: 786)
2025-12-12 18:11:43,410 - INFO - func:create_project - Progetto creato con successo: N25/111 (ID: 787)
2025-12-12 18:11:48,098 - INFO - func:create_project - Progetto creato con successo: R25/237 (ID: 788)
2025-12-12 18:11:53,251 - INFO - func:create_project - Progetto creato con successo: P23/102 (ID: 789)
2025-12-12 18:11:58,287 - INFO - func:create_project - Progetto creato con successo: R25/197 (ID: 790)
2025-12-12 18:12:02,977 - INFO - func:create_project - Progetto creato con successo: R25/196 (ID: 791)
2025-12-12 18:12:07,805 - INFO - func:create_project - Progetto creato con successo: N23/111 (ID: 792)
2025-12-12 18:12:12,523 - INFO - func:create_project - Progetto creato con successo: R25/228 (ID: 793)
2025-12-12 18:12:17,354 - INFO - func:create_project - Progetto creato con successo: N24/101 (ID: 794)
2025-12-12 18:12:22,250 - INFO - func:create_project - Progetto creato con successo: N24/120 (ID: 795)
2025-12-12 18:12:27,563 - INFO - func:create_project - Progetto creato con successo: N24/121 (ID: 796)
2025-12-12 18:12:32,502 - INFO - func:create_project - Progetto creato con successo: N24/118 (ID: 797)
2025-12-12 18:12:37,546 - INFO - func:create_project - Progetto creato con successo: N24/118 (ID: 798)
2025-12-12 18:12:42,425 - INFO - func:create_project - Progetto creato con successo: N24/118 (ID: 799)
2025-12-12 18:12:47,024 - INFO - func:create_project - Progetto creato con successo: N24/119 (ID: 800)
2025-12-12 18:12:51,906 - INFO - func:create_project - Progetto creato con successo: N24/119 (ID: 801)
2025-12-12 18:12:56,440 - INFO - func:create_project - Progetto creato con successo: N24/119 (ID: 802)
2025-12-12 18:13:01,301 - INFO - func:create_project - Progetto creato con successo: N24/119 (ID: 803)
2025-12-12 18:13:06,985 - INFO - func:create_project - Progetto creato con successo: N25/106 (ID: 804)
2025-12-12 18:13:11,862 - INFO - func:create_project - Progetto creato con successo: N25/108 (ID: 805)
2025-12-12 18:13:16,312 - INFO - func:create_project - Progetto creato con successo: N25/109 (ID: 806)
2025-12-12 18:13:21,590 - INFO - func:create_project - Progetto creato con successo: R25/189 (ID: 807)
2025-12-12 18:13:26,288 - INFO - func:create_project - Progetto creato con successo: N25/110 (ID: 808)
2025-12-12 18:13:30,337 - INFO - func:create_project - Progetto creato con successo: R25/226 (ID: 809)
2025-12-12 18:13:35,052 - INFO - func:create_project - Progetto creato con successo: R25/226 (ID: 810)
2025-12-12 18:13:39,986 - INFO - func:update_cache_db - ✓ Updated 77 project in cache db
2025-12-12 18:25:48,724 - INFO - func:setup_logging - Logging configurato - Livello: INFO, Console: True, File: /home/riccardo/syncer/logs/sync.log
2025-12-12 18:25:48,726 - INFO - func:main - === AVVIO SINCRONIZZAZIONE PROGETTI ===
2025-12-12 18:25:48,808 - INFO - func:extract_custom_fields_from_schema - Estratti 7 custom fields dallo schema
2025-12-12 18:25:48,875 - INFO - func:extract_custom_fields_from_schema - Estratti 1 custom fields dallo schema
2025-12-12 18:25:48,876 - INFO - func:load_custom_fields_to_cache - Custom fields aggiornati con 7 per progetto e 1 per utenti
2025-12-12 18:25:49,692 - INFO - func:load_query - Query SQL caricata da /home/riccardo/syncer/app/queries/extractUsers.sql
2025-12-12 18:25:49,692 - INFO - func:extract_Gimi_manutentori_entries - Executing query
2025-12-12 18:25:50,109 - INFO - func:extract_Gimi_manutentori_entries - Extracted 53 maintainers from Gimi database
2025-12-12 18:25:50,128 - INFO - func:run_user_sync - Extracted 53 users from cache
2025-12-12 18:25:50,133 - INFO - func:_identify_sync_operation_users - Cache correctly updated
2025-12-12 18:25:50,133 - INFO - func:_execute_sync_operations_users - Executing 0 operations....
2025-12-12 18:25:50,158 - INFO - func:update_cache_db_for_users - ✓ Updated 53 users in cache db
2025-12-12 18:25:50,159 - INFO - func:run_project_sync - Extracting project entries from Gimi Database
2025-12-12 18:25:50,160 - INFO - func:load_query - Query SQL caricata da /home/riccardo/syncer/app/queries/mainQuery.sql
2025-12-12 18:25:50,160 - INFO - func:extract_Gimi_projects_entries - Executing query
2025-12-12 18:27:17,425 - INFO - func:extract_Gimi_projects_entries - Estratti 1978 progetti dal database di Gimi
2025-12-12 18:27:17,455 - INFO - func:run_project_sync - Extracted 77 projects from cache
2025-12-12 18:27:17,456 - INFO - func:_identify_sync_operation_project - Analizing the necessary sync operations
2025-12-12 18:33:58,839 - INFO - func:_identify_sync_operation_project - Cache correctly updated
2025-12-12 18:33:58,841 - INFO - func:_execute_sync_operations - Executing 0 operations....
2025-12-12 18:34:01,729 - INFO - func:update_cache_db - ✓ Updated 77 project in cache db
2025-12-12 18:35:52,837 - INFO - func:setup_logging - Logging configurato - Livello: INFO, Console: True, File: /home/riccardo/syncer/logs/sync.log
2025-12-12 18:35:52,838 - INFO - func:main - === AVVIO SINCRONIZZAZIONE PROGETTI ===
2025-12-12 18:35:52,978 - INFO - func:extract_custom_fields_from_schema - Estratti 7 custom fields dallo schema
2025-12-12 18:35:53,021 - INFO - func:extract_custom_fields_from_schema - Estratti 1 custom fields dallo schema
2025-12-12 18:35:53,024 - INFO - func:load_custom_fields_to_cache - Custom fields aggiornati con 7 per progetto e 1 per utenti
2025-12-12 18:35:53,591 - INFO - func:load_query - Query SQL caricata da /home/riccardo/syncer/app/queries/extractUsers.sql
2025-12-12 18:35:53,593 - INFO - func:extract_Gimi_manutentori_entries - Executing query
2025-12-12 18:35:53,933 - INFO - func:extract_Gimi_manutentori_entries - Extracted 53 maintainers from Gimi database
2025-12-12 18:35:53,980 - INFO - func:run_user_sync - Extracted 53 users from cache
2025-12-12 18:35:53,986 - INFO - func:_identify_sync_operation_users - Cache correctly updated
2025-12-12 18:35:53,987 - INFO - func:_execute_sync_operations_users - Executing 0 operations....
2025-12-12 18:35:54,010 - INFO - func:update_cache_db_for_users - ✓ Updated 53 users in cache db
2025-12-12 18:35:54,010 - INFO - func:run_project_sync - Extracting project entries from Gimi Database
2025-12-12 18:35:54,011 - INFO - func:load_query - Query SQL caricata da /home/riccardo/syncer/app/queries/mainQuery.sql
2025-12-12 18:35:54,011 - INFO - func:extract_Gimi_projects_entries - Executing query
2025-12-12 18:35:56,320 - INFO - func:extract_Gimi_projects_entries - Estratti 1978 progetti dal database di Gimi
2025-12-12 18:35:56,340 - INFO - func:run_project_sync - Extracted 77 projects from cache
2025-12-12 18:35:56,341 - INFO - func:_identify_sync_operation_project - Analizing the necessary sync operations
2025-12-12 18:35:56,490 - INFO - func:_identify_sync_operation_project - Cache correctly updated
2025-12-12 18:35:56,490 - INFO - func:_execute_sync_operations - Executing 0 operations....
2025-12-12 18:35:56,524 - INFO - func:update_cache_db - ✓ Updated 77 project in cache db
2025-12-12 18:36:43,290 - INFO - func:setup_logging - Logging configurato - Livello: INFO, Console: True, File: /home/riccardo/syncer/logs/sync.log
2025-12-12 18:36:43,290 - INFO - func:main - === AVVIO SINCRONIZZAZIONE PROGETTI ===
2025-12-12 18:36:43,422 - INFO - func:extract_custom_fields_from_schema - Estratti 7 custom fields dallo schema
2025-12-12 18:36:43,479 - INFO - func:extract_custom_fields_from_schema - Estratti 1 custom fields dallo schema
2025-12-12 18:36:43,480 - INFO - func:load_custom_fields_to_cache - Custom fields aggiornati con 7 per progetto e 1 per utenti
2025-12-12 18:36:43,944 - INFO - func:load_query - Query SQL caricata da /home/riccardo/syncer/app/queries/extractUsers.sql
2025-12-12 18:36:43,945 - INFO - func:extract_Gimi_manutentori_entries - Executing query
2025-12-12 18:36:44,387 - INFO - func:extract_Gimi_manutentori_entries - Extracted 53 maintainers from Gimi database
2025-12-12 18:36:44,416 - INFO - func:run_user_sync - Extracted 53 users from cache
2025-12-12 18:36:44,421 - INFO - func:_identify_sync_operation_users - Cache correctly updated
2025-12-12 18:36:44,422 - INFO - func:_execute_sync_operations_users - Executing 0 operations....
2025-12-12 18:36:44,467 - INFO - func:update_cache_db_for_users - ✓ Updated 53 users in cache db
2025-12-12 18:36:44,475 - INFO - func:run_project_sync - Extracting project entries from Gimi Database
2025-12-12 18:36:44,476 - INFO - func:load_query - Query SQL caricata da /home/riccardo/syncer/app/queries/mainQuery.sql
2025-12-12 18:36:44,477 - INFO - func:extract_Gimi_projects_entries - Executing query
2025-12-12 18:36:47,968 - INFO - func:extract_Gimi_projects_entries - Estratti 1978 progetti dal database di Gimi
2025-12-12 18:36:48,006 - INFO - func:run_project_sync - Extracted 0 projects from cache
2025-12-12 18:36:48,008 - INFO - func:_identify_sync_operation_project - Analizing the necessary sync operations
2025-12-12 18:36:48,100 - INFO - func:_identify_sync_operation_project - Cache correctly updated
2025-12-12 18:36:48,101 - INFO - func:_execute_sync_operations - Executing 77 operations....
2025-12-12 18:36:48,101 - INFO - func:_execute_create_operations - Creation of 77 projects...
2025-12-12 18:36:49,127 - INFO - func:create_project - Progetto creato con successo: R23/144 (ID: 811)
2025-12-12 18:36:50,081 - INFO - func:create_project - Progetto creato con successo: T25/100 (ID: 812)
2025-12-12 18:36:51,026 - INFO - func:create_project - Progetto creato con successo: T25/101 (ID: 813)
2025-12-12 18:36:51,970 - INFO - func:create_project - Progetto creato con successo: R25/236 (ID: 814)
2025-12-12 18:36:52,873 - INFO - func:create_project - Progetto creato con successo: R25/238 (ID: 815)
2025-12-12 18:37:14,912 - INFO - func:create_project - Progetto creato con successo: P19/115 (ID: 816)
2025-12-12 18:37:44,928 - INFO - func:create_project - Progetto creato con successo: N24/103 (ID: 817)
2025-12-12 18:38:11,169 - INFO - func:create_project - Progetto creato con successo: N24/105 (ID: 818)
2025-12-12 18:38:21,975 - INFO - func:create_project - Progetto creato con successo: R24/217 (ID: 819)
2025-12-12 18:38:28,652 - INFO - func:create_project - Progetto creato con successo: N25/100 (ID: 820)
2025-12-12 18:38:38,593 - INFO - func:create_project - Progetto creato con successo: N25/107 (ID: 821)
2025-12-12 18:38:47,431 - INFO - func:create_project - Progetto creato con successo: N25/107 (ID: 822)
2025-12-12 18:38:58,288 - INFO - func:create_project - Progetto creato con successo: N24/114 (ID: 823)
2025-12-12 18:39:07,924 - INFO - func:create_project - Progetto creato con successo: P23/111 (ID: 824)
2025-12-12 18:39:43,102 - INFO - func:create_project - Progetto creato con successo: P14/110 (ID: 825)
2025-12-12 18:40:17,339 - INFO - func:create_project - Progetto creato con successo: N24/117 (ID: 826)
2025-12-12 18:40:29,413 - INFO - func:create_project - Progetto creato con successo: N25/105 (ID: 827)
2025-12-12 18:40:37,706 - INFO - func:create_project - Progetto creato con successo: N25/102 (ID: 828)
2025-12-12 18:40:47,427 - INFO - func:create_project - Progetto creato con successo: N25/103 (ID: 829)
2025-12-12 18:40:57,097 - INFO - func:create_project - Progetto creato con successo: N25/104 (ID: 830)
2025-12-12 18:41:05,772 - INFO - func:create_project - Progetto creato con successo: N25/104 (ID: 831)
2025-12-12 18:41:15,259 - INFO - func:create_project - Progetto creato con successo: N25/104 (ID: 832)
2025-12-12 18:41:24,798 - INFO - func:create_project - Progetto creato con successo: R24/111 (ID: 833)
2025-12-12 18:41:25,664 - INFO - func:create_project - Progetto creato con successo: R25/232 (ID: 834)
2025-12-12 18:41:31,493 - INFO - func:create_project - Progetto creato con successo: R25/223 (ID: 835)
2025-12-12 18:41:36,863 - INFO - func:create_project - Progetto creato con successo: R25/224 (ID: 836)
2025-12-12 18:41:41,957 - INFO - func:create_project - Progetto creato con successo: R23/134 (ID: 837)
2025-12-12 18:41:47,305 - INFO - func:create_project - Progetto creato con successo: R24/205 (ID: 838)
2025-12-12 18:41:51,146 - INFO - func:create_project - Progetto creato con successo: P25/124 (ID: 839)
2025-12-12 18:42:34,300 - INFO - func:create_project - Progetto creato con successo: P24/124 (ID: 840)
2025-12-12 18:45:18,374 - INFO - func:setup_logging - Logging configurato - Livello: INFO, Console: True, File: /home/riccardo/syncer/logs/sync.log
2025-12-12 18:45:18,375 - INFO - func:main - === AVVIO SINCRONIZZAZIONE PROGETTI ===
2025-12-12 18:45:18,466 - INFO - func:extract_custom_fields_from_schema - Estratti 7 custom fields dallo schema
2025-12-12 18:45:18,519 - INFO - func:extract_custom_fields_from_schema - Estratti 1 custom fields dallo schema
2025-12-12 18:45:18,519 - INFO - func:load_custom_fields_to_cache - Custom fields aggiornati con 7 per progetto e 1 per utenti
2025-12-12 18:45:18,968 - INFO - func:load_query - Query SQL caricata da /home/riccardo/syncer/app/queries/extractUsers.sql
2025-12-12 18:45:18,969 - INFO - func:extract_Gimi_manutentori_entries - Executing query
2025-12-12 18:45:19,261 - INFO - func:extract_Gimi_manutentori_entries - Extracted 53 maintainers from Gimi database
2025-12-12 18:45:19,278 - INFO - func:run_user_sync - Extracted 53 users from cache
2025-12-12 18:45:19,282 - INFO - func:_identify_sync_operation_users - Cache correctly updated
2025-12-12 18:45:19,285 - INFO - func:_execute_sync_operations_users - Executing 0 operations....
2025-12-12 18:45:19,304 - INFO - func:update_cache_db_for_users - ✓ Updated 53 users in cache db
2025-12-12 18:45:19,305 - INFO - func:run_project_sync - Extracting project entries from Gimi Database
2025-12-12 18:45:19,307 - INFO - func:load_query - Query SQL caricata da /home/riccardo/syncer/app/queries/mainQuery.sql
2025-12-12 18:45:19,307 - INFO - func:extract_Gimi_projects_entries - Executing query
2025-12-12 18:45:21,391 - INFO - func:extract_Gimi_projects_entries - Estratti 1978 progetti dal database di Gimi
2025-12-12 18:45:21,426 - INFO - func:run_project_sync - Extracted 0 projects from cache
2025-12-12 18:45:21,426 - INFO - func:_identify_sync_operation_project - Analizing the necessary sync operations
2025-12-12 18:45:21,483 - INFO - func:_identify_sync_operation_project - Cache correctly updated
2025-12-12 18:45:21,484 - INFO - func:_execute_sync_operations - Executing 77 operations....
2025-12-12 18:45:21,485 - INFO - func:_execute_create_operations - Creation of 77 projects...
2025-12-12 18:45:21,911 - INFO - func:update_project - Progetto aggiornato con successo: R23/144 (ID: 811)
2025-12-12 18:45:22,314 - INFO - func:update_project - Progetto aggiornato con successo: T25/100 (ID: 812)
2025-12-12 18:45:22,608 - INFO - func:update_project - Progetto aggiornato con successo: T25/101 (ID: 813)
2025-12-12 18:45:23,035 - INFO - func:update_project - Progetto aggiornato con successo: R25/236 (ID: 814)
2025-12-12 18:45:23,403 - INFO - func:update_project - Progetto aggiornato con successo: R25/238 (ID: 815)
2025-12-12 18:45:50,106 - INFO - func:update_project - Progetto aggiornato con successo: P19/115 (ID: 816)
2025-12-12 18:45:51,837 - INFO - func:update_project - Progetto aggiornato con successo: N24/103 (ID: 817)
2025-12-12 18:45:53,128 - INFO - func:update_project - Progetto aggiornato con successo: N24/105 (ID: 818)
2025-12-12 18:45:54,438 - INFO - func:update_project - Progetto aggiornato con successo: R24/217 (ID: 819)
2025-12-12 18:46:16,740 - INFO - func:update_project - Progetto aggiornato con successo: N25/100 (ID: 820)
2025-12-12 18:46:18,306 - INFO - func:update_project - Progetto aggiornato con successo: N25/107 (ID: 821)
2025-12-12 18:46:19,700 - INFO - func:update_project - Progetto aggiornato con successo: N25/107 (ID: 822)
2025-12-12 18:46:21,056 - INFO - func:update_project - Progetto aggiornato con successo: N24/114 (ID: 823)
2025-12-12 18:46:22,270 - INFO - func:update_project - Progetto aggiornato con successo: P23/111 (ID: 824)
2025-12-12 18:46:25,351 - INFO - func:update_project - Progetto aggiornato con successo: P14/110 (ID: 825)
2025-12-12 18:46:26,581 - INFO - func:update_project - Progetto aggiornato con successo: N24/117 (ID: 826)
2025-12-12 18:46:27,848 - INFO - func:update_project - Progetto aggiornato con successo: N25/105 (ID: 827)
2025-12-12 18:46:29,248 - INFO - func:update_project - Progetto aggiornato con successo: N25/102 (ID: 828)
2025-12-12 18:46:41,278 - INFO - func:update_project - Progetto aggiornato con successo: N25/103 (ID: 829)
2025-12-12 18:46:42,470 - INFO - func:update_project - Progetto aggiornato con successo: N25/104 (ID: 830)
2025-12-12 18:46:43,633 - INFO - func:update_project - Progetto aggiornato con successo: N25/104 (ID: 831)
2025-12-12 18:46:44,967 - INFO - func:update_project - Progetto aggiornato con successo: N25/104 (ID: 832)
2025-12-12 18:46:46,417 - INFO - func:update_project - Progetto aggiornato con successo: R24/111 (ID: 833)
2025-12-12 18:46:46,906 - INFO - func:update_project - Progetto aggiornato con successo: R25/232 (ID: 834)
2025-12-12 18:46:49,197 - INFO - func:update_project - Progetto aggiornato con successo: R25/223 (ID: 835)
2025-12-12 18:46:51,918 - INFO - func:update_project - Progetto aggiornato con successo: R25/224 (ID: 836)
2025-12-12 18:46:53,576 - INFO - func:update_project - Progetto aggiornato con successo: R23/134 (ID: 837)
2025-12-12 18:46:55,913 - INFO - func:update_project - Progetto aggiornato con successo: R24/205 (ID: 838)
2025-12-12 18:46:58,925 - INFO - func:update_project - Progetto aggiornato con successo: P25/124 (ID: 839)
2025-12-12 18:47:29,011 - INFO - func:update_project - Progetto aggiornato con successo: P24/124 (ID: 840)
2025-12-12 18:47:32,821 - INFO - func:create_project - Progetto creato con successo: N24/110 (ID: 841)
2025-12-12 18:47:47,890 - INFO - func:setup_logging - Logging configurato - Livello: INFO, Console: True, File: /home/riccardo/syncer/logs/sync.log
2025-12-12 18:47:47,891 - INFO - func:main - === AVVIO SINCRONIZZAZIONE PROGETTI ===
2025-12-12 18:47:48,008 - INFO - func:extract_custom_fields_from_schema - Estratti 7 custom fields dallo schema
2025-12-12 18:47:48,067 - INFO - func:extract_custom_fields_from_schema - Estratti 1 custom fields dallo schema
2025-12-12 18:47:48,068 - INFO - func:load_custom_fields_to_cache - Custom fields aggiornati con 7 per progetto e 1 per utenti
2025-12-12 18:47:48,662 - INFO - func:load_query - Query SQL caricata da /home/riccardo/syncer/app/queries/extractUsers.sql
2025-12-12 18:47:48,663 - INFO - func:extract_Gimi_manutentori_entries - Executing query
2025-12-12 18:47:48,969 - INFO - func:extract_Gimi_manutentori_entries - Extracted 53 maintainers from Gimi database
2025-12-12 18:47:48,990 - INFO - func:run_user_sync - Extracted 53 users from cache
2025-12-12 18:47:48,997 - INFO - func:_identify_sync_operation_users - Cache correctly updated
2025-12-12 18:47:48,997 - INFO - func:_execute_sync_operations_users - Executing 0 operations....
2025-12-12 18:47:49,026 - INFO - func:update_cache_db_for_users - ✓ Updated 53 users in cache db
2025-12-12 18:47:49,027 - INFO - func:run_project_sync - Extracting project entries from Gimi Database
2025-12-12 18:47:49,028 - INFO - func:load_query - Query SQL caricata da /home/riccardo/syncer/app/queries/mainQuery.sql
2025-12-12 18:47:49,028 - INFO - func:extract_Gimi_projects_entries - Executing query
2025-12-12 18:47:51,321 - INFO - func:extract_Gimi_projects_entries - Estratti 1978 progetti dal database di Gimi
2025-12-12 18:47:51,344 - INFO - func:run_project_sync - Extracted 0 projects from cache
2025-12-12 18:47:51,345 - INFO - func:_identify_sync_operation_project - Analizing the necessary sync operations
2025-12-12 18:47:51,393 - INFO - func:_identify_sync_operation_project - Cache correctly updated
2025-12-12 18:47:51,393 - INFO - func:_execute_sync_operations - Executing 77 operations....
2025-12-12 18:47:51,393 - INFO - func:_execute_create_operations - Creation of 77 projects...
2025-12-12 18:47:51,746 - INFO - func:update_project - Progetto aggiornato con successo: R23/144 (ID: 811)
2025-12-12 18:47:52,100 - INFO - func:update_project - Progetto aggiornato con successo: T25/100 (ID: 812)
2025-12-12 18:47:52,489 - INFO - func:update_project - Progetto aggiornato con successo: T25/101 (ID: 813)
2025-12-12 18:47:52,830 - INFO - func:update_project - Progetto aggiornato con successo: R25/236 (ID: 814)
2025-12-12 18:47:54,453 - INFO - func:update_project - Progetto aggiornato con successo: R25/238 (ID: 815)
2025-12-12 18:47:55,605 - INFO - func:update_project - Progetto aggiornato con successo: P19/115 (ID: 816)
2025-12-12 18:47:56,294 - INFO - func:update_project - Progetto aggiornato con successo: N24/103 (ID: 817)
2025-12-12 18:47:56,868 - INFO - func:update_project - Progetto aggiornato con successo: N24/105 (ID: 818)
2025-12-12 18:47:57,469 - INFO - func:update_project - Progetto aggiornato con successo: R24/217 (ID: 819)
2025-12-12 18:47:58,033 - INFO - func:update_project - Progetto aggiornato con successo: N25/100 (ID: 820)
2025-12-12 18:47:58,738 - INFO - func:update_project - Progetto aggiornato con successo: N25/107 (ID: 821)
2025-12-12 18:47:59,438 - INFO - func:update_project - Progetto aggiornato con successo: N25/107 (ID: 822)
2025-12-12 18:47:59,902 - INFO - func:update_project - Progetto aggiornato con successo: N24/114 (ID: 823)
2025-12-12 18:48:00,963 - INFO - func:update_project - Progetto aggiornato con successo: P23/111 (ID: 824)
2025-12-12 18:48:02,314 - INFO - func:update_project - Progetto aggiornato con successo: P14/110 (ID: 825)
2025-12-12 18:48:02,997 - INFO - func:update_project - Progetto aggiornato con successo: N24/117 (ID: 826)
2025-12-12 18:48:03,575 - INFO - func:update_project - Progetto aggiornato con successo: N25/105 (ID: 827)
2025-12-12 18:48:04,226 - INFO - func:update_project - Progetto aggiornato con successo: N25/102 (ID: 828)
2025-12-12 18:48:05,555 - INFO - func:update_project - Progetto aggiornato con successo: N25/103 (ID: 829)
2025-12-12 18:48:06,189 - INFO - func:update_project - Progetto aggiornato con successo: N25/104 (ID: 830)
2025-12-12 18:48:06,780 - INFO - func:update_project - Progetto aggiornato con successo: N25/104 (ID: 831)
2025-12-12 18:48:12,261 - INFO - func:update_project - Progetto aggiornato con successo: N25/104 (ID: 832)
2025-12-12 18:48:12,820 - INFO - func:update_project - Progetto aggiornato con successo: R24/111 (ID: 833)
2025-12-12 18:48:13,419 - INFO - func:update_project - Progetto aggiornato con successo: R25/232 (ID: 834)
2025-12-12 18:48:16,010 - INFO - func:update_project - Progetto aggiornato con successo: R25/223 (ID: 835)
2025-12-12 18:48:17,130 - INFO - func:update_project - Progetto aggiornato con successo: R25/224 (ID: 836)
2025-12-12 18:48:18,164 - INFO - func:update_project - Progetto aggiornato con successo: R23/134 (ID: 837)
2025-12-12 18:48:24,573 - INFO - func:update_project - Progetto aggiornato con successo: R24/205 (ID: 838)
2025-12-12 18:48:31,592 - INFO - func:update_project - Progetto aggiornato con successo: P25/124 (ID: 839)
2025-12-12 18:50:42,895 - INFO - func:setup_logging - Logging configurato - Livello: INFO, Console: True, File: /home/riccardo/syncer/logs/sync.log
2025-12-12 18:50:42,896 - INFO - func:main - === AVVIO SINCRONIZZAZIONE PROGETTI ===
2025-12-12 18:50:43,006 - INFO - func:extract_custom_fields_from_schema - Estratti 7 custom fields dallo schema
2025-12-12 18:50:43,058 - INFO - func:extract_custom_fields_from_schema - Estratti 1 custom fields dallo schema
2025-12-12 18:50:43,058 - INFO - func:load_custom_fields_to_cache - Custom fields aggiornati con 7 per progetto e 1 per utenti
2025-12-12 18:50:43,547 - INFO - func:load_query - Query SQL caricata da /home/riccardo/syncer/app/queries/extractUsers.sql
2025-12-12 18:50:43,547 - INFO - func:extract_Gimi_manutentori_entries - Executing query
2025-12-12 18:50:43,858 - INFO - func:extract_Gimi_manutentori_entries - Extracted 53 maintainers from Gimi database
2025-12-12 18:50:43,876 - INFO - func:run_user_sync - Extracted 53 users from cache
2025-12-12 18:50:43,882 - INFO - func:_identify_sync_operation_users - Cache correctly updated
2025-12-12 18:50:43,882 - INFO - func:_execute_sync_operations_users - Executing 0 operations....
2025-12-12 18:50:43,900 - INFO - func:update_cache_db_for_users - ✓ Updated 53 users in cache db
2025-12-12 18:50:43,900 - INFO - func:run_project_sync - Extracting project entries from Gimi Database
2025-12-12 18:50:43,900 - INFO - func:load_query - Query SQL caricata da /home/riccardo/syncer/app/queries/mainQuery.sql
2025-12-12 18:50:43,901 - INFO - func:extract_Gimi_projects_entries - Executing query
2025-12-12 18:50:45,794 - INFO - func:extract_Gimi_projects_entries - Estratti 1978 progetti dal database di Gimi
2025-12-12 18:50:45,827 - INFO - func:run_project_sync - Extracted 0 projects from cache
2025-12-12 18:50:45,828 - INFO - func:_identify_sync_operation_project - Analizing the necessary sync operations
2025-12-12 18:50:45,883 - INFO - func:_identify_sync_operation_project - Cache correctly updated
2025-12-12 18:50:45,884 - INFO - func:_execute_sync_operations - Executing 77 operations....
2025-12-12 18:50:45,885 - INFO - func:_execute_create_operations - Creation of 77 projects...
2025-12-12 18:50:49,548 - INFO - func:update_project - Progetto aggiornato con successo: R23/144 (ID: 811)
2025-12-12 18:50:50,674 - INFO - func:update_project - Progetto aggiornato con successo: T25/100 (ID: 812)
2025-12-12 18:51:00,502 - INFO - func:update_project - Progetto aggiornato con successo: T25/101 (ID: 813)
2025-12-12 18:51:00,808 - INFO - func:update_project - Progetto aggiornato con successo: R25/236 (ID: 814)
2025-12-12 18:51:01,140 - INFO - func:update_project - Progetto aggiornato con successo: R25/238 (ID: 815)
2025-12-12 18:51:20,433 - INFO - func:update_project - Progetto aggiornato con successo: P19/115 (ID: 816)
2025-12-12 18:51:27,638 - INFO - func:update_project - Progetto aggiornato con successo: N24/103 (ID: 817)
2025-12-12 18:51:29,959 - INFO - func:update_project - Progetto aggiornato con successo: N24/105 (ID: 818)
2025-12-12 18:51:31,870 - INFO - func:update_project - Progetto aggiornato con successo: R24/217 (ID: 819)
2025-12-12 18:51:33,623 - INFO - func:update_project - Progetto aggiornato con successo: N25/100 (ID: 820)
2025-12-12 18:51:35,370 - INFO - func:update_project - Progetto aggiornato con successo: N25/107 (ID: 821)
2025-12-12 18:51:36,890 - INFO - func:update_project - Progetto aggiornato con successo: N25/107 (ID: 822)
2025-12-12 18:51:38,474 - INFO - func:update_project - Progetto aggiornato con successo: N24/114 (ID: 823)
2025-12-12 18:51:41,661 - INFO - func:update_project - Progetto aggiornato con successo: P23/111 (ID: 824)
2025-12-12 18:51:59,571 - INFO - func:setup_logging - Logging configurato - Livello: INFO, Console: True, File: /home/riccardo/syncer/logs/sync.log
2025-12-12 18:51:59,571 - INFO - func:main - === AVVIO SINCRONIZZAZIONE PROGETTI ===
2025-12-12 18:51:59,649 - INFO - func:extract_custom_fields_from_schema - Estratti 7 custom fields dallo schema
2025-12-12 18:51:59,709 - INFO - func:extract_custom_fields_from_schema - Estratti 1 custom fields dallo schema
2025-12-12 18:51:59,710 - INFO - func:load_custom_fields_to_cache - Custom fields aggiornati con 7 per progetto e 1 per utenti
2025-12-12 18:52:00,068 - INFO - func:load_query - Query SQL caricata da /home/riccardo/syncer/app/queries/extractUsers.sql
2025-12-12 18:52:00,069 - INFO - func:extract_Gimi_manutentori_entries - Executing query
2025-12-12 18:52:00,370 - INFO - func:extract_Gimi_manutentori_entries - Extracted 53 maintainers from Gimi database
2025-12-12 18:52:00,388 - INFO - func:run_user_sync - Extracted 53 users from cache
2025-12-12 18:52:00,397 - INFO - func:_identify_sync_operation_users - Cache correctly updated
2025-12-12 18:52:00,398 - INFO - func:_execute_sync_operations_users - Executing 0 operations....
2025-12-12 18:52:00,419 - INFO - func:update_cache_db_for_users - ✓ Updated 53 users in cache db
2025-12-12 18:52:00,419 - INFO - func:run_project_sync - Extracting project entries from Gimi Database
2025-12-12 18:52:00,420 - INFO - func:load_query - Query SQL caricata da /home/riccardo/syncer/app/queries/mainQuery.sql
2025-12-12 18:52:00,420 - INFO - func:extract_Gimi_projects_entries - Executing query
2025-12-12 18:52:02,282 - INFO - func:extract_Gimi_projects_entries - Estratti 1978 progetti dal database di Gimi
2025-12-12 18:52:02,300 - INFO - func:run_project_sync - Extracted 0 projects from cache
2025-12-12 18:52:02,301 - INFO - func:_identify_sync_operation_project - Analizing the necessary sync operations
2025-12-12 18:52:02,350 - INFO - func:_identify_sync_operation_project - Cache correctly updated
2025-12-12 18:52:02,350 - INFO - func:_execute_sync_operations - Executing 77 operations....
2025-12-12 18:52:02,350 - INFO - func:_execute_create_operations - Creation of 77 projects...
2025-12-12 18:52:05,024 - INFO - func:update_project - Progetto aggiornato con successo: R23/144 (ID: 811)
2025-12-12 18:52:05,832 - INFO - func:update_project - Progetto aggiornato con successo: T25/100 (ID: 812)
2025-12-12 18:52:06,527 - INFO - func:update_project - Progetto aggiornato con successo: T25/101 (ID: 813)
2025-12-12 18:52:07,136 - INFO - func:update_project - Progetto aggiornato con successo: R25/236 (ID: 814)
2025-12-12 18:52:07,692 - INFO - func:update_project - Progetto aggiornato con successo: R25/238 (ID: 815)
2025-12-12 18:52:08,303 - INFO - func:update_project - Progetto aggiornato con successo: P19/115 (ID: 816)
2025-12-12 18:52:09,265 - INFO - func:update_project - Progetto aggiornato con successo: N24/103 (ID: 817)
2025-12-12 18:52:09,869 - INFO - func:update_project - Progetto aggiornato con successo: N24/105 (ID: 818)
2025-12-12 18:52:10,503 - INFO - func:update_project - Progetto aggiornato con successo: R24/217 (ID: 819)
2025-12-12 18:52:11,152 - INFO - func:update_project - Progetto aggiornato con successo: N25/100 (ID: 820)
2025-12-12 18:52:12,187 - INFO - func:update_project - Progetto aggiornato con successo: N25/107 (ID: 821)
2025-12-12 18:52:13,172 - INFO - func:update_project - Progetto aggiornato con successo: N25/107 (ID: 822)
2025-12-12 18:52:14,171 - INFO - func:update_project - Progetto aggiornato con successo: N24/114 (ID: 823)
2025-12-12 18:52:15,084 - INFO - func:update_project - Progetto aggiornato con successo: P23/111 (ID: 824)
2025-12-12 18:53:01,610 - INFO - func:update_project - Progetto aggiornato con successo: P14/110 (ID: 825)
2025-12-12 18:53:10,749 - INFO - func:update_project - Progetto aggiornato con successo: N24/117 (ID: 826)
2025-12-12 18:53:12,209 - INFO - func:update_project - Progetto aggiornato con successo: N25/105 (ID: 827)
2025-12-12 18:53:13,017 - INFO - func:update_project - Progetto aggiornato con successo: N25/102 (ID: 828)
2025-12-12 18:53:13,823 - INFO - func:update_project - Progetto aggiornato con successo: N25/103 (ID: 829)
2025-12-12 18:53:14,772 - INFO - func:update_project - Progetto aggiornato con successo: N25/104 (ID: 830)
2025-12-12 18:53:16,103 - INFO - func:update_project - Progetto aggiornato con successo: N25/104 (ID: 831)
2025-12-12 18:53:17,398 - INFO - func:update_project - Progetto aggiornato con successo: N25/104 (ID: 832)
2025-12-12 18:53:18,864 - INFO - func:update_project - Progetto aggiornato con successo: R24/111 (ID: 833)
2025-12-12 18:53:20,119 - INFO - func:update_project - Progetto aggiornato con successo: R25/232 (ID: 834)
2025-12-12 18:53:22,534 - INFO - func:update_project - Progetto aggiornato con successo: R25/223 (ID: 835)
2025-12-12 18:53:25,485 - INFO - func:update_project - Progetto aggiornato con successo: R25/224 (ID: 836)
2025-12-12 18:54:37,011 - INFO - func:update_project - Progetto aggiornato con successo: R23/134 (ID: 837)
2025-12-12 18:54:40,407 - INFO - func:update_project - Progetto aggiornato con successo: R24/205 (ID: 838)
2025-12-12 18:55:04,394 - INFO - func:update_project - Progetto aggiornato con successo: P25/124 (ID: 839)
2025-12-12 18:55:17,442 - INFO - func:update_project - Progetto aggiornato con successo: P24/124 (ID: 840)
2025-12-12 18:55:45,761 - INFO - func:setup_logging - Logging configurato - Livello: INFO, Console: True, File: /home/riccardo/syncer/logs/sync.log
2025-12-12 18:55:45,763 - INFO - func:main - === AVVIO SINCRONIZZAZIONE PROGETTI ===
2025-12-12 18:55:45,847 - INFO - func:extract_custom_fields_from_schema - Estratti 7 custom fields dallo schema
2025-12-12 18:55:45,897 - INFO - func:extract_custom_fields_from_schema - Estratti 1 custom fields dallo schema
2025-12-12 18:55:45,897 - INFO - func:load_custom_fields_to_cache - Custom fields aggiornati con 7 per progetto e 1 per utenti
2025-12-12 18:55:46,419 - INFO - func:load_query - Query SQL caricata da /home/riccardo/syncer/app/queries/extractUsers.sql
2025-12-12 18:55:46,419 - INFO - func:extract_Gimi_manutentori_entries - Executing query
2025-12-12 18:55:46,712 - INFO - func:extract_Gimi_manutentori_entries - Extracted 53 maintainers from Gimi database
2025-12-12 18:55:46,733 - INFO - func:run_user_sync - Extracted 53 users from cache
2025-12-12 18:55:46,738 - INFO - func:_identify_sync_operation_users - Cache correctly updated
2025-12-12 18:55:46,740 - INFO - func:_execute_sync_operations_users - Executing 0 operations....
2025-12-12 18:55:46,766 - INFO - func:update_cache_db_for_users - ✓ Updated 53 users in cache db
2025-12-12 18:55:46,767 - INFO - func:run_project_sync - Extracting project entries from Gimi Database
2025-12-12 18:55:46,771 - INFO - func:load_query - Query SQL caricata da /home/riccardo/syncer/app/queries/mainQuery.sql
2025-12-12 18:55:46,771 - INFO - func:extract_Gimi_projects_entries - Executing query
2025-12-12 18:55:48,797 - INFO - func:extract_Gimi_projects_entries - Estratti 1978 progetti dal database di Gimi
2025-12-12 18:55:48,816 - INFO - func:run_project_sync - Extracted 0 projects from cache
2025-12-12 18:55:48,817 - INFO - func:_identify_sync_operation_project - Analizing the necessary sync operations
2025-12-12 18:55:48,868 - INFO - func:_identify_sync_operation_project - Cache correctly updated
2025-12-12 18:55:48,868 - INFO - func:_execute_sync_operations - Executing 77 operations....
2025-12-12 18:55:48,869 - INFO - func:_execute_create_operations - Creation of 77 projects...
2025-12-12 18:55:53,008 - INFO - func:update_project - Progetto aggiornato con successo: R23/144 (ID: 811)
2025-12-12 18:55:54,419 - INFO - func:update_project - Progetto aggiornato con successo: T25/100 (ID: 812)
2025-12-12 18:55:55,315 - INFO - func:update_project - Progetto aggiornato con successo: T25/101 (ID: 813)
2025-12-12 18:55:56,037 - INFO - func:update_project - Progetto aggiornato con successo: R25/236 (ID: 814)
2025-12-12 18:55:56,690 - INFO - func:update_project - Progetto aggiornato con successo: R25/238 (ID: 815)
2025-12-12 18:55:57,357 - INFO - func:update_project - Progetto aggiornato con successo: P19/115 (ID: 816)
2025-12-12 18:55:57,971 - INFO - func:update_project - Progetto aggiornato con successo: N24/103 (ID: 817)
2025-12-12 18:55:58,659 - INFO - func:update_project - Progetto aggiornato con successo: N24/105 (ID: 818)
2025-12-12 18:55:59,224 - INFO - func:update_project - Progetto aggiornato con successo: R24/217 (ID: 819)
2025-12-12 18:55:59,871 - INFO - func:update_project - Progetto aggiornato con successo: N25/100 (ID: 820)
2025-12-12 18:56:00,554 - INFO - func:update_project - Progetto aggiornato con successo: N25/107 (ID: 821)
2025-12-12 18:56:01,208 - INFO - func:update_project - Progetto aggiornato con successo: N25/107 (ID: 822)
2025-12-12 18:56:02,069 - INFO - func:update_project - Progetto aggiornato con successo: N24/114 (ID: 823)
2025-12-12 18:56:02,672 - INFO - func:update_project - Progetto aggiornato con successo: P23/111 (ID: 824)
2025-12-12 18:56:03,563 - INFO - func:update_project - Progetto aggiornato con successo: P14/110 (ID: 825)
2025-12-12 18:56:04,175 - INFO - func:update_project - Progetto aggiornato con successo: N24/117 (ID: 826)
2025-12-12 18:56:04,827 - INFO - func:update_project - Progetto aggiornato con successo: N25/105 (ID: 827)
2025-12-12 18:56:05,586 - INFO - func:update_project - Progetto aggiornato con successo: N25/102 (ID: 828)
2025-12-12 18:56:06,366 - INFO - func:update_project - Progetto aggiornato con successo: N25/103 (ID: 829)
2025-12-12 18:56:06,980 - INFO - func:update_project - Progetto aggiornato con successo: N25/104 (ID: 830)
2025-12-12 18:56:07,620 - INFO - func:update_project - Progetto aggiornato con successo: N25/104 (ID: 831)
2025-12-12 18:56:08,378 - INFO - func:update_project - Progetto aggiornato con successo: N25/104 (ID: 832)
2025-12-12 18:56:09,002 - INFO - func:update_project - Progetto aggiornato con successo: R24/111 (ID: 833)
2025-12-12 18:56:11,867 - INFO - func:update_project - Progetto aggiornato con successo: R25/232 (ID: 834)
2025-12-12 18:56:13,534 - INFO - func:update_project - Progetto aggiornato con successo: R25/223 (ID: 835)
2025-12-12 18:56:14,998 - INFO - func:update_project - Progetto aggiornato con successo: R25/224 (ID: 836)
2025-12-12 18:56:17,782 - INFO - func:update_project - Progetto aggiornato con successo: R23/134 (ID: 837)
2025-12-12 18:56:19,884 - INFO - func:update_project - Progetto aggiornato con successo: R24/205 (ID: 838)
2025-12-12 18:56:22,557 - INFO - func:update_project - Progetto aggiornato con successo: P25/124 (ID: 839)
2025-12-12 19:01:56,453 - INFO - func:setup_logging - Logging configurato - Livello: INFO, Console: True, File: /home/riccardo/syncer/logs/sync.log
2025-12-12 19:01:56,453 - INFO - func:main - === AVVIO SINCRONIZZAZIONE PROGETTI ===
2025-12-12 19:01:56,528 - INFO - func:extract_custom_fields_from_schema - Estratti 7 custom fields dallo schema
2025-12-12 19:01:56,572 - INFO - func:extract_custom_fields_from_schema - Estratti 1 custom fields dallo schema
2025-12-12 19:01:56,574 - INFO - func:load_custom_fields_to_cache - Custom fields aggiornati con 7 per progetto e 1 per utenti
2025-12-12 19:01:57,000 - INFO - func:load_query - Query SQL caricata da /home/riccardo/syncer/app/queries/extractUsers.sql
2025-12-12 19:01:57,000 - INFO - func:extract_Gimi_manutentori_entries - Executing query
2025-12-12 19:01:57,286 - INFO - func:extract_Gimi_manutentori_entries - Extracted 53 maintainers from Gimi database
2025-12-12 19:01:57,302 - INFO - func:run_user_sync - Extracted 53 users from cache
2025-12-12 19:01:57,306 - INFO - func:_identify_sync_operation_users - Cache correctly updated
2025-12-12 19:01:57,307 - INFO - func:_execute_sync_operations_users - Executing 0 operations....
2025-12-12 19:01:57,332 - INFO - func:update_cache_db_for_users - ✓ Updated 53 users in cache db
2025-12-12 19:01:57,333 - INFO - func:run_project_sync - Extracting project entries from Gimi Database
2025-12-12 19:01:57,334 - INFO - func:load_query - Query SQL caricata da /home/riccardo/syncer/app/queries/mainQuery.sql
2025-12-12 19:01:57,334 - INFO - func:extract_Gimi_projects_entries - Executing query
2025-12-12 19:01:59,336 - INFO - func:extract_Gimi_projects_entries - Estratti 1978 progetti dal database di Gimi
2025-12-12 19:01:59,356 - INFO - func:run_project_sync - Extracted 0 projects from cache
2025-12-12 19:01:59,356 - INFO - func:_identify_sync_operation_project - Analizing the necessary sync operations
2025-12-12 19:01:59,409 - INFO - func:_identify_sync_operation_project - Cache correctly updated
2025-12-12 19:01:59,410 - INFO - func:_execute_sync_operations - Executing 77 operations....
2025-12-12 19:01:59,410 - INFO - func:_execute_create_operations - Creation of 77 projects...
2025-12-12 19:02:10,352 - INFO - func:update_project - Progetto aggiornato con successo: R23/144 (ID: 811)
2025-12-12 19:02:12,693 - INFO - func:update_project - Progetto aggiornato con successo: T25/100 (ID: 812)
2025-12-12 19:02:15,112 - INFO - func:update_project - Progetto aggiornato con successo: T25/101 (ID: 813)
2025-12-12 19:02:16,852 - INFO - func:update_project - Progetto aggiornato con successo: R25/236 (ID: 814)
2025-12-12 19:02:18,536 - INFO - func:update_project - Progetto aggiornato con successo: R25/238 (ID: 815)
2025-12-12 19:02:49,202 - INFO - func:update_project - Progetto aggiornato con successo: P19/115 (ID: 816)
2025-12-12 19:02:50,262 - INFO - func:update_project - Progetto aggiornato con successo: N24/103 (ID: 817)
2025-12-12 19:02:51,067 - INFO - func:update_project - Progetto aggiornato con successo: N24/105 (ID: 818)
2025-12-12 19:02:51,784 - INFO - func:update_project - Progetto aggiornato con successo: R24/217 (ID: 819)
2025-12-12 19:02:52,497 - INFO - func:update_project - Progetto aggiornato con successo: N25/100 (ID: 820)
2025-12-12 19:02:54,207 - INFO - func:update_project - Progetto aggiornato con successo: N25/107 (ID: 821)
2025-12-12 19:02:55,062 - INFO - func:update_project - Progetto aggiornato con successo: N25/107 (ID: 822)
2025-12-12 19:02:55,640 - INFO - func:update_project - Progetto aggiornato con successo: N24/114 (ID: 823)
2025-12-12 19:02:56,533 - INFO - func:update_project - Progetto aggiornato con successo: P23/111 (ID: 824)
2025-12-12 19:02:57,540 - INFO - func:update_project - Progetto aggiornato con successo: P14/110 (ID: 825)
2025-12-12 19:02:58,218 - INFO - func:update_project - Progetto aggiornato con successo: N24/117 (ID: 826)
2025-12-12 19:02:59,080 - INFO - func:update_project - Progetto aggiornato con successo: N25/105 (ID: 827)
2025-12-12 19:02:59,711 - INFO - func:update_project - Progetto aggiornato con successo: N25/102 (ID: 828)
2025-12-12 19:03:00,293 - INFO - func:update_project - Progetto aggiornato con successo: N25/103 (ID: 829)
2025-12-12 19:03:01,199 - INFO - func:update_project - Progetto aggiornato con successo: N25/104 (ID: 830)
2025-12-12 19:03:02,472 - INFO - func:update_project - Progetto aggiornato con successo: N25/104 (ID: 831)
2025-12-12 19:03:04,666 - INFO - func:update_project - Progetto aggiornato con successo: N25/104 (ID: 832)
2025-12-12 19:03:05,789 - INFO - func:update_project - Progetto aggiornato con successo: R24/111 (ID: 833)
2025-12-12 19:03:07,858 - INFO - func:update_project - Progetto aggiornato con successo: R25/232 (ID: 834)
2025-12-12 19:03:09,855 - INFO - func:update_project - Progetto aggiornato con successo: R25/223 (ID: 835)
2025-12-12 19:03:12,323 - INFO - func:update_project - Progetto aggiornato con successo: R25/224 (ID: 836)
2025-12-12 19:03:14,072 - INFO - func:update_project - Progetto aggiornato con successo: R23/134 (ID: 837)
2025-12-12 19:03:16,694 - INFO - func:update_project - Progetto aggiornato con successo: R24/205 (ID: 838)
2025-12-12 19:03:21,696 - INFO - func:update_project - Progetto aggiornato con successo: P25/124 (ID: 839)
2025-12-12 19:03:45,988 - INFO - func:update_project - Progetto aggiornato con successo: P24/124 (ID: 840)
2025-12-12 19:05:10,219 - INFO - func:update_project - Progetto aggiornato con successo: N24/110 (ID: 841)
2025-12-12 19:05:11,239 - INFO - func:create_project - Progetto creato con successo: N24/110 (ID: 842)
2025-12-12 19:05:16,421 - INFO - func:create_project - Progetto creato con successo: N24/110 (ID: 843)
2025-12-12 19:05:20,965 - INFO - func:create_project - Progetto creato con successo: N24/109 (ID: 844)
2025-12-12 19:05:25,363 - INFO - func:create_project - Progetto creato con successo: R24/210 (ID: 845)
2025-12-12 19:05:26,173 - INFO - func:create_project - Progetto creato con successo: R25/206 (ID: 846)
2025-12-12 19:05:27,024 - INFO - func:create_project - Progetto creato con successo: R25/207 (ID: 847)
2025-12-12 19:05:27,826 - INFO - func:create_project - Progetto creato con successo: R25/204 (ID: 848)
2025-12-12 19:05:28,601 - INFO - func:create_project - Progetto creato con successo: R25/205 (ID: 849)
2025-12-12 19:05:29,374 - INFO - func:create_project - Progetto creato con successo: R24/136 (ID: 850)
2025-12-12 19:05:30,324 - INFO - func:create_project - Progetto creato con successo: R25/203 (ID: 851)
2025-12-12 19:05:31,036 - INFO - func:create_project - Progetto creato con successo: T24/102 (ID: 852)
2025-12-12 19:05:31,812 - INFO - func:create_project - Progetto creato con successo: T24/102 (ID: 853)
2025-12-12 19:05:33,014 - INFO - func:create_project - Progetto creato con successo: T24/102 (ID: 854)
2025-12-12 19:05:33,701 - INFO - func:create_project - Progetto creato con successo: N24/106 (ID: 855)
2025-12-12 19:05:37,974 - INFO - func:create_project - Progetto creato con successo: N24/115 (ID: 856)
2025-12-12 19:05:43,042 - INFO - func:create_project - Progetto creato con successo: P25/121 (ID: 857)
2025-12-12 19:05:43,901 - INFO - func:create_project - Progetto creato con successo: R25/231 (ID: 858)
2025-12-12 19:05:44,727 - INFO - func:create_project - Progetto creato con successo: R25/225 (ID: 859)
2025-12-12 19:05:45,505 - INFO - func:create_project - Progetto creato con successo: R25/235 (ID: 860)
2025-12-12 19:05:46,690 - INFO - func:create_project - Progetto creato con successo: P18/124 (ID: 861)
2025-12-12 19:05:47,856 - INFO - func:create_project - Progetto creato con successo: P25/118 (ID: 862)
2025-12-12 19:05:48,549 - INFO - func:create_project - Progetto creato con successo: R25/184 (ID: 863)
2025-12-12 19:05:49,248 - INFO - func:create_project - Progetto creato con successo: N25/111 (ID: 864)
2025-12-12 19:05:53,364 - INFO - func:create_project - Progetto creato con successo: R25/237 (ID: 865)
2025-12-12 19:05:54,094 - INFO - func:create_project - Progetto creato con successo: P23/102 (ID: 866)
2025-12-12 19:05:54,865 - INFO - func:create_project - Progetto creato con successo: R25/197 (ID: 867)
2025-12-12 19:05:55,685 - INFO - func:create_project - Progetto creato con successo: R25/196 (ID: 868)
2025-12-12 19:05:56,585 - INFO - func:create_project - Progetto creato con successo: N23/111 (ID: 869)
2025-12-12 19:06:01,065 - INFO - func:create_project - Progetto creato con successo: R25/228 (ID: 870)
2025-12-12 19:06:01,818 - INFO - func:create_project - Progetto creato con successo: N24/101 (ID: 871)
2025-12-12 19:06:06,501 - INFO - func:create_project - Progetto creato con successo: N24/120 (ID: 872)
2025-12-12 19:06:11,205 - INFO - func:create_project - Progetto creato con successo: N24/121 (ID: 873)
2025-12-12 19:06:15,772 - INFO - func:create_project - Progetto creato con successo: N24/118 (ID: 874)
2025-12-12 19:06:20,484 - INFO - func:create_project - Progetto creato con successo: N24/118 (ID: 875)
2025-12-12 19:06:25,103 - INFO - func:create_project - Progetto creato con successo: N24/118 (ID: 876)
2025-12-12 19:06:29,628 - INFO - func:create_project - Progetto creato con successo: N24/119 (ID: 877)
2025-12-12 19:06:33,956 - INFO - func:create_project - Progetto creato con successo: N24/119 (ID: 878)
2025-12-12 19:06:38,603 - INFO - func:create_project - Progetto creato con successo: N24/119 (ID: 879)
2025-12-12 19:06:43,617 - INFO - func:create_project - Progetto creato con successo: N24/119 (ID: 880)
2025-12-12 19:06:48,532 - INFO - func:create_project - Progetto creato con successo: N25/106 (ID: 881)
2025-12-12 19:06:52,788 - INFO - func:create_project - Progetto creato con successo: N25/108 (ID: 882)
2025-12-12 19:06:57,767 - INFO - func:create_project - Progetto creato con successo: N25/109 (ID: 883)
2025-12-12 19:07:02,796 - INFO - func:create_project - Progetto creato con successo: R25/189 (ID: 884)
2025-12-12 19:07:03,494 - INFO - func:create_project - Progetto creato con successo: N25/110 (ID: 885)
2025-12-12 19:07:07,679 - INFO - func:create_project - Progetto creato con successo: R25/226 (ID: 886)
2025-12-12 19:07:08,463 - INFO - func:create_project - Progetto creato con successo: R25/226 (ID: 887)
2025-12-12 19:07:08,489 - INFO - func:update_cache_db - ✓ Updated 77 project in cache db
